Year;Month;Region;Total Rainfall (mm)
2009;January;Al-Ahsa;0.0
2009;January;Yenbo;0.0
2009;January;Abha;9.5
2009;January;Guriat;0.0
2009;January;Turaif;1.0
2009;January;Jeddah KAIA;1.0
2009;February;Khamis Mushait;0.0
2009;February;Madinah;0.0
2009;February;Bisha;2.6
2009;February;Taif;0.0
2009;February;Dhahran;3.0
2009;March;Hail;1.0
2009;March;Hafr Elbatten;10.0
2009;March;Al-Ahsa;8.3
2009;March;Guriat;3.2
2009;March;Bisha;0.0
2009;March;Najran;0.0
2009;March;Al-Jouf;11.0
2009;March;Sharorah;0.0
2009;March;Qassim;1.0
2009;April;Hail;1.0
2009;April;Khamis Mushait;14.2
2009;April;Hafr Elbatten;14.0
2009;April;Al-Ahsa;22.8
2009;April;Najran;9.3
2009;April;Qaisumah;6.5
2009;April;Al-Baha;5.0
2009;May;Hail;17.9
2009;May;Khamis Mushait;1.0
2009;May;Hafr Elbatten;10.1
2009;May;Dmmam;0.0
2009;May;Makkah;0.0
2009;May;Turaif;16.3
2009;May;Jizan;0.0
2009;May;Sharorah;0.0
2009;May;Riyadh Old;2.0
2009;June;Khamis Mushait;3.5
2009;June;Makkah;0.0
2009;June;Jizan;0.0
2009;June;Najran;0.0
2009;June;Al-Jouf;0.0
2009;June;Tabuk;8.0
2009;June;Riyadh Old;0.0
2009;July;Al-Ahsa;0.0
2009;July;Madinah;0.0
2009;July;Makkah;0.0
2009;July;Bisha;0.0
2009;July;Dhahran;0.0
2009;July;Al-Jouf;0.0
2009;August;Al-Ahsa;0.0
2009;August;Makkah;2.2
2009;August;Riyadh New;0.0
2009;August;Riyadh Old;0.0
2009;September;Arar;0.0
2009;September;Guriat;0.0
2009;September;Madinah;0.0
2009;September;Bisha;0.0
2009;September;Najran;0.0
2009;September;Rafha;0.0
2009;September;Al-Baha;1.0
2009;October;Khamis Mushait;0.0
2009;October;Abha;0.0
2009;October;Turaif;1.0
2009;October;Sulayel;1.0
2009;October;Rafha;0.0
2009;October;Sharorah;0.0
2009;October;Jeddah KAIA;0.0
2009;October;Qaisumah;0.0
2009;October;Al-Baha;0.0
2009;November;Wejh;18.4
2009;November;Dmmam;1.0
2009;November;Taif;13.0
2009;November;Dhahran;1.7
2009;November;Riyadh New;1.0
2009;December;Hail;10.1
2009;December;Abha;8.2
2009;December;Guriat;54.4
2009;December;Dmmam;66.8
2009;December;Turaif;3.0
2009;December;Sulayel;40.1
2009;December;Taif;3.6
2009;December;Jeddah KAIA;20.3
2010;January;Yenbo;1.2
2010;January;Taif;0.0
2010;January;Jizan;0.0
2010;January;Najran;0.0
2010;January;Jeddah KAIA;0.0
2010;January;Riyadh Old;1.0
2010;February;Yenbo;0.0
2010;February;Abha;4.3
2010;February;Madinah;0.0
2010;February;Makkah;44.8
2010;February;Turaif;36.7
2010;February;Al-Jouf;1.0
2010;February;Tabuk;0.0
2010;March;Arar;1.4
2010;March;Khamis Mushait;2.0
2010;March;Turaif;61.6
2010;March;Sulayel;1.0
2010;March;Taif;3.2
2010;March;Dhahran;1.0
2010;March;Qaisumah;1.0
2010;April;Al-Ahsa;11.7
2010;April;Guriat;1.0
2010;April;Riyadh New;11.5
2010;April;Riyadh Old;16.5
2010;May;Khamis Mushait;99.0
2010;May;Guriat;1.0
2010;May;Madinah;0.0
2010;May;Bisha;1.6
2010;May;Sulayel;1.0
2010;May;Rafha;2.5
2010;May;Jeddah KAIA;0.0
2010;June;Khamis Mushait;8.5
2010;June;Al-Ahsa;0.0
2010;June;Taif;1.0
2010;June;Jizan;0.0
2010;June;Jeddah KAIA;0.0
2010;June;Riyadh New;0.0
2010;June;Tabuk;0.0
2010;June;Al-Baha;23.9
2010;July;Dhahran;0.0
2010;July;Al-Jouf;0.0
2010;July;Al-Baha;7.7
2010;August;Hail;0.0
2010;August;Bisha;3.2
2010;August;Jizan;11.0
2010;August;Najran;1.0
2010;August;Al-Jouf;0.0
2010;August;Sharorah;0.0
2010;August;Jeddah KAIA;1.0
2010;September;Wejh;0.0
2010;September;Al-Ahsa;0.0
2010;September;Abha;1.0
2010;September;Dmmam;0.0
2010;September;Taif;0.0
2010;September;Najran;2.0
2010;September;Al-Jouf;0.0
2010;September;Sharorah;0.0
2010;September;Qassim;0.0
2010;September;Qaisumah;0.0
2010;October;Khamis Mushait;0.0
2010;October;Najran;3.4
2010;November;Wejh;0.0
2010;November;Hafr Elbatten;0.0
2010;November;Abha;8.0
2010;November;Jeddah KAIA;1.0
2010;November;Riyadh New;0.0
2010;November;Riyadh Old;0.0
2010;November;Al-Baha;4.1
2010;December;Dmmam;0.0
2010;December;Bisha;4.4
2010;December;Rafha;6.0
2011;January;Sulayel;1.0
2011;January;Jizan;1.0
2011;January;Riyadh New;46.8
2011;February;Hail;1.0
2011;February;Hafr Elbatten;2.5
2011;February;Yenbo;1.0
2011;February;Jizan;0.0
2011;February;Al-Jouf;4.6
2011;February;Qaisumah;1.0
2011;March;Khamis Mushait;11.7
2011;March;Al-Ahsa;1.0
2011;March;Makkah;43.7
2011;March;Turaif;1.0
2011;March;Najran;0.0
2011;March;Riyadh New;24.6
2011;March;Tabuk;1.0
2011;March;Qaisumah;7.0
2011;April;Khamis Mushait;10.2
2011;April;Madinah;1.0
2011;April;Sulayel;1.0
2011;April;Dhahran;4.8
2011;April;Qaisumah;11.4
2011;April;Al-Baha;1.0
2011;May;Sharorah;4.2
2011;May;Jeddah KAIA;0.0
2011;May;Qassim;1.0
2011;June;Hail;2.0
2011;June;Taif;0.0
2011;June;Sharorah;0.0
2011;June;Tabuk;0.0
2011;July;Hail;0.0
2011;July;Dmmam;0.0
2011;August;Hail;0.0
2011;August;Khamis Mushait;53.1
2011;August;Abha;41.6
2011;August;Dmmam;0.0
2011;August;Makkah;0.0
2011;August;Sulayel;0.0
2011;August;Taif;0.0
2011;August;Dhahran;0.0
2011;August;Rafha;0.0
2011;September;Wejh;0.0
2011;September;Yenbo;0.0
2011;September;Abha;44.2
2011;September;Guriat;0.0
2011;September;Makkah;0.0
2011;September;Bisha;0.0
2011;September;Taif;0.0
2011;September;Najran;0.0
2011;September;Al-Baha;0.0
2011;October;Khamis Mushait;0.0
2011;October;Madinah;0.0
2011;October;Bisha;0.0
2011;October;Najran;0.0
2011;October;Rafha;0.0
2011;November;Arar;0.0
2011;November;Hail;10.1
2011;November;Khamis Mushait;1.4
2011;November;Madinah;35.0
2011;November;Taif;1.0
2011;November;Jizan;20.0
2011;November;Al-Baha;0.0
2011;December;Yenbo;0.0
2011;December;Najran;0.0
2011;December;Riyadh New;0.0
2011;December;Qaisumah;0.0
2011;December;Al-Baha;0.0
2012;January;Khamis Mushait;0.0
2012;January;Hafr Elbatten;0.0
2012;January;Yenbo;0.0
2012;January;Bisha;0.0
2012;January;Jizan;0.0
2012;January;Najran;0.0
2012;January;Jeddah KAIA;0.0
2012;January;Al-Baha;0.0
2012;February;Hail;2.7
2012;February;Khamis Mushait;0.0
2012;February;Yenbo;1.7
2012;February;Taif;0.0
2012;February;Dhahran;2.3
2012;March;Wejh;7.8
2012;March;Hafr Elbatten;7.5
2012;March;Bisha;0.0
2012;March;Taif;0.0
2012;March;Dhahran;5.2
2012;March;Qassim;3.8
2012;April;Hafr Elbatten;24.0
2012;April;Yenbo;0.0
2012;April;Bisha;62.0
2012;April;Taif;73.6
2012;April;Dhahran;4.9
2012;April;Riyadh New;38.4
2012;April;Tabuk;8.5
2012;May;Al-Ahsa;0.0
2012;May;Turaif;1.0
2012;June;Al-Ahsa;0.0
2012;June;Abha;4.0
2012;June;Makkah;0.0
2012;June;Bisha;0.0
2012;June;Al-Baha;2.0
2012;July;Arar;0.0
2012;July;Wejh;0.0
2012;July;Madinah;0.0
2012;July;Jizan;0.0
2012;July;Jeddah KAIA;0.0
2012;August;Khamis Mushait;0.0
2012;August;Wejh;0.0
2012;August;Abha;14.0
2012;August;Guriat;0.0
2012;August;Makkah;0.0
2012;August;Sulayel;1.0
2012;August;Dhahran;0.0
2012;August;Rafha;0.0
2012;August;Sharorah;3.7
2012;August;Jeddah KAIA;0.0
2012;August;Riyadh New;0.0
2012;September;Arar;0.0
2012;September;Hail;0.0
2012;September;Abha;3.5
2012;September;Rafha;0.0
2012;September;Al-Jouf;0.0
2012;September;Qassim;0.0
2012;September;Al-Baha;0.0
2012;October;Guriat;2.6
2012;October;Taif;6.5
2012;October;Rafha;0.0
2012;October;Tabuk;16.8
2012;November;Hafr Elbatten;5.0
2012;November;Yenbo;36.6
2012;November;Abha;4.3
2012;November;Dmmam;26.0
2012;November;Makkah;1.0
2012;November;Bisha;0.0
2012;November;Dhahran;2.1
2012;November;Najran;0.0
2012;December;Al-Ahsa;30.9
2012;December;Makkah;30.4
2012;December;Sulayel;0.0
2012;December;Sharorah;0.0
2012;December;Jeddah KAIA;11.2
2013;January;Abha;0.0
2013;January;Guriat;12.0
2013;January;Dmmam;2.6
2013;January;Sulayel;0.0
2013;January;Najran;0.0
2013;January;Qassim;4.3
2013;February;Sharorah;0.0
2013;February;Riyadh New;0.0
2013;March;Guriat;0.0
2013;March;Taif;5.3
2013;April;Arar;1.9
2013;April;Wejh;0.0
2013;April;Turaif;1.2
2013;April;Taif;58.6
2013;April;Qaisumah;2.5
2013;May;Al-Ahsa;5.2
2013;May;Turaif;10.8
2013;May;Jizan;0.0
2013;May;Jeddah KAIA;0.0
2013;May;Qaisumah;20.1
2013;June;Abha;6.0
2013;June;Sulayel;0.0
2013;June;Riyadh New;0.0
2013;June;Al-Baha;0.0
2013;July;Abha;36.0
2013;August;Arar;0.0
2013;August;Yenbo;0.0
2013;August;Bisha;1.1
2013;September;Guriat;0.0
2013;September;Makkah;9.2
2013;September;Bisha;0.0
2013;September;Sharorah;90.0
2013;October;Arar;0.0
2013;October;Makkah;0.0
2013;October;Bisha;0.0
2013;October;Turaif;0.0
2013;October;Taif;2.6
2013;October;Qassim;0.0
2013;November;Arar;23.0
2013;November;Wejh;8.3
2013;November;Dmmam;51.6
2013;November;Makkah;1.2
2013;November;Turaif;7.1
2013;November;Jizan;19.0
2013;December;Khamis Mushait;0.0
2013;December;Wejh;5.6
2013;December;Bisha;0.0
2013;December;Taif;1.0
2013;December;Jizan;27.0
2013;December;Qassim;2.0
2013;December;Tabuk;8.1
2014;January;Khamis Mushait;3.0
2014;January;Al-Jouf;1.3
2014;January;Qassim;24.2
2014;January;Riyadh New;49.4
2014;January;Qaisumah;47.1
2014;February;Hail;0.0
2014;February;Wejh;14.3
2014;February;Al-Ahsa;2.4
2014;February;Jizan;1.0
2014;March;Wejh;6.0
2014;March;Al-Ahsa;1.9
2014;April;Bisha;8.9
2014;April;Sharorah;10.7
2014;April;Al-Baha;27.7
2014;May;Yenbo;0.0
2014;May;Dmmam;10.8
2014;May;Madinah;3.5
2014;May;Dhahran;0.0
2014;May;Qaisumah;12.4
2014;June;Arar;0.0
2014;June;Khamis Mushait;2.2
2014;June;Makkah;0.0
2014;June;Sulayel;0.0
2014;June;Jizan;0.0
2014;June;Najran;0.0
2014;June;Rafha;0.0
2014;June;Jeddah KAIA;0.0
2014;July;Taif;3.0
2014;July;Rafha;0.0
2014;July;Riyadh New;0.0
2014;August;Najran;0.0
2014;August;Tabuk;0.0
2014;September;Arar;0.0
2014;September;Al-Ahsa;0.0
2014;September;Madinah;0.0
2014;September;Sulayel;0.0
2014;September;Al-Jouf;0.0
2014;October;Khamis Mushait;1.3
2014;October;Bisha;0.0
2014;October;Sulayel;0.0
2014;October;Qassim;0.0
2014;October;Tabuk;2.2
2014;October;Qaisumah;0.0
2014;October;Al-Baha;9.0
2014;November;Turaif;4.0
2014;November;Sulayel;0.0
2014;November;Rafha;1.9
2014;November;Jeddah KAIA;31.0
2014;November;Tabuk;0.0
2014;November;Qaisumah;0.0
2014;December;Khamis Mushait;0.0
2014;December;Turaif;7.5
2014;December;Sulayel;0.0
2014;December;Najran;0.0
2014;December;Al-Jouf;4.9
2014;December;Jeddah KAIA;0.0
2015;January;Hail;0.0
2015;January;Al-Ahsa;4.1
2015;January;Abha;0.0
2015;January;Dmmam;9.2
2015;January;Najran;0.0
2015;January;Qaisumah;0.001
2015;February;Khamis Mushait;0.0
2015;February;Dmmam;0.001
2015;February;Makkah;0.0
2015;February;Al-Jouf;20.1
2015;February;Jeddah KAIA;0.0
2015;March;Wejh;0.0
2015;March;Madinah;0.001
2015;March;Bisha;29.5
2015;March;Jizan;1.5
2015;March;Jeddah KAIA;0.0
2015;March;Riyadh New;35.0
2015;March;Qaisumah;0.001
2015;April;Arar;0.001
2015;April;Al-Ahsa;0.0
2015;April;Yenbo;0.0
2015;April;Guriat;0.0
2015;April;Al-Jouf;0.001
2015;April;Qaisumah;0.001
2015;May;Guriat;0.0
2015;May;Madinah;0.0
2015;May;Bisha;2.4
2015;May;Jizan;2.6
2015;May;Najran;10.8
2015;May;Jeddah KAIA;0.0
2015;May;Qaisumah;0.0
2015;June;Dmmam;0.0
2015;June;Turaif;0.0
2015;June;Najran;0.0
2015;July;Guriat;0.0
2015;July;Taif;0.0
2015;July;Qassim;0.0
2015;July;Riyadh New;0.0
2015;August;Arar;0.001
2015;August;Wejh;0.0
2015;August;Makkah;17.2
2015;August;Bisha;0.0
2015;August;Jeddah KAIA;3.0
2015;August;Riyadh New;0.0
2015;September;Wejh;0.0
2015;September;Madinah;0.0
2015;September;Sharorah;0.0
2015;September;Riyadh New;0.0
2015;September;Tabuk;0.0
2015;September;Al-Baha;0.001
2015;October;Hail;13.1
2015;October;Khamis Mushait;0.001
2015;October;Al-Ahsa;0.0
2015;October;Guriat;53.9
2015;October;Turaif;19.2
2015;October;Wadi Aldawasir;0.0
2015;October;Najran;0.0
2015;October;Rafha;5.8
2015;October;Al-Baha;0.001
2015;November;Najran;0.001
2015;December;Abha;2.5
2015;December;Guriat;5.8
2015;December;Wadi Aldawasir;0.0
2015;December;Rafha;8.3
2015;December;Al-Jouf;25.2
2015;December;Sharorah;0.001
2015;December;Tabuk;0.001
2016;January;Abha;8.7
2016;January;Makkah;0.001
2016;January;Rafha;3.4
2016;January;Qaisumah;3.8
2016;February;Arar;0.001
2016;February;Dmmam;3.4
2016;February;Madinah;0.0
2016;February;Makkah;0.001
2016;February;Al-Jouf;2.4
2016;February;Jeddah KAIA;5.0
2016;February;Al-Baha;1.0
2016;March;Al-Ahsa;37.3
2016;March;Najran;0.0
2016;March;Qassim;1.5
2016;March;Riyadh New;11.7
2016;April;Arar;6.2
2016;April;Wejh;0.001
2016;April;Al-Ahsa;16.9
2016;April;Al-Jouf;2.6
2016;April;Qassim;34.5
2016;May;Arar;4.5
2016;May;Hail;1.2
2016;May;Abha;19.4
2016;May;Jeddah KAIA;0.0
2016;May;Qassim;1.0
2016;June;Arar;0.0
2016;June;Wejh;0.0
2016;June;Madinah;0.0
2016;June;Taif;0.0
2016;June;Jeddah KAIA;0.0
2016;June;Qassim;0.0
2016;June;Al-Baha;6.7
2016;July;Abha;26.4
2016;July;Rafha;0.0
2016;July;Jeddah KAIA;0.0
2016;July;Qassim;0.0
2016;August;Arar;0.0
2016;August;Khamis Mushait;19.3
2016;August;Wejh;0.0
2016;August;Yenbo;0.001
2016;August;Makkah;3.7
2016;September;Yenbo;0.0
2016;September;Dmmam;0.0
2016;September;Madinah;0.0
2016;September;Bisha;0.0
2016;September;Taif;30.2
2016;October;Hail;0.0
2016;October;Yenbo;0.0
2016;October;Guriat;0.001
2016;October;Turaif;0.0
2016;October;Najran;0.0
2016;October;Rafha;0.0
2016;October;Jeddah KAIA;0.0
2016;October;Tabuk;0.001
2016;November;Arar;2.7
2016;November;Khamis Mushait;5.0
2016;November;Yenbo;0.0
2016;November;Turaif;0.001
2016;November;Wadi Aldawasir;0.0
2016;November;Tabuk;0.001
2016;December;Arar;6.2
2016;December;Khamis Mushait;0.0
2016;December;Wejh;0.0
2016;December;Al-Ahsa;0.0
2016;December;Yenbo;0.0
2016;December;Guriat;24.9
2016;December;Madinah;3.6
2016;December;Makkah;0.001
2016;December;Bisha;0.0
2016;December;Sharorah;0.0
2016;December;Jeddah KAIA;4.0
2016;December;Qaisumah;0.001
2017;January;Hail;0.0
2017;January;Madinah;5.2
2017;January;Makkah;25.5
2017;January;Wadi Aldawasir;0.0
2017;January;Jeddah KAIA;12.1
2017;January;Riyadh New;31.1
2017;January;Qaisumah;0.0
2017;February;Yenbo;0.0
2017;February;Dmmam;7.6
2017;February;Madinah;2.2
2017;February;Makkah;10.6
2017;February;Qassim;12.3
2017;March;Khamis Mushait;43.1
2017;March;Guriat;0.0
2017;March;Madinah;0.0
2017;April;Madinah;0.001
2017;April;Bisha;0.001
2017;April;Taif;0.0
2017;April;Al-Jouf;2.2
2017;April;Sharorah;0.0
2017;April;Qassim;13.4
2017;April;Riyadh New;9.6
2017;May;Hail;0.0
2017;May;Wejh;0.0
2017;May;Jizan;0.001
2017;May;Qassim;0.0
2017;May;Tabuk;10.5
2017;June;Makkah;105.4
2017;June;Wadi Aldawasir;0.0
2017;June;Najran;0.0
2017;June;Tabuk;4.6
2017;July;Hail;0.0
2017;July;Wejh;0.0
2017;July;Dmmam;0.0
2017;July;Makkah;12.2
2017;July;Turaif;1.0
2017;July;Jizan;0.001
2017;July;Qaisumah;0.0
2017;July;Al-Baha;0.0
2017;August;Arar;14.5
2017;August;Khamis Mushait;0.0
2017;August;Abha;0.0
2017;August;Turaif;0.0
2017;August;Qassim;0.0
2017;August;Tabuk;0.001
2017;September;Arar;4.3
2017;September;Hail;0.0
2017;September;Wejh;0.0
2017;September;Madinah;0.0
2017;September;Qaisumah;0.0
2017;October;Khamis Mushait;0.001
2017;October;Madinah;0.001
2017;October;Jizan;0.001
2017;October;Al-Baha;0.001
2017;November;Khamis Mushait;0.001
2017;November;Najran;0.0
2017;November;Sharorah;0.0
2017;December;Madinah;3.5
2017;December;Qassim;0.0
2018;January;Khamis Mushait;0.0
2018;January;Wadi Aldawasir;0.0
2018;January;Tabuk;0.001
2018;February;Arar;23.9
2018;February;Bisha;2.0
2018;February;Turaif;17.5
2018;February;Najran;0.0
2018;February;Qaisumah;0.001
2018;March;Hail;0.0
2018;March;Wejh;0.0
2018;March;Abha;30.3
2018;March;Taif;0.001
2018;March;Sharorah;0.001
2018;April;Wejh;0.0
2018;April;Wadi Aldawasir;19.2
2018;April;Rafha;16.5
2018;April;Tabuk;2.4
2018;May;Guriat;23.5
2018;May;Madinah;0.0
2018;May;Tabuk;0.001
2018;May;Qaisumah;0.001
2018;June;Arar;0.0
2018;June;Yenbo;0.0
2018;June;Abha;3.0
2018;June;Madinah;0.0
2018;June;Bisha;0.0
2018;June;Jizan;2.5
2018;June;Qassim;0.0
2018;July;Arar;0.0
2018;July;Dmmam;0.0
2018;July;Wadi Aldawasir;0.0
2018;July;Rafha;0.0
2018;July;Jeddah KAIA;0.0
2018;July;Qassim;0.0
2018;July;Qaisumah;0.0
2018;August;Khamis Mushait;23.8
2018;August;Turaif;0.0
2018;August;Riyadh New;0.0
2018;September;Abha;0.0
2018;September;Madinah;0.0
2018;September;Makkah;42.2
2018;September;Bisha;0.0
2018;September;Taif;8.0
2018;September;Sharorah;0.0
2018;October;Arar;19.4
2018;October;Al-Ahsa;25.3
2018;October;Yenbo;10.7
2018;October;Dmmam;10.4
2018;October;Wadi Aldawasir;0.0
2018;October;Riyadh New;42.7
2018;October;Qaisumah;12.9
2018;November;Wejh;65.2
2018;November;Yenbo;67.5
2018;November;Dmmam;78.1
2018;November;Turaif;53.2
2018;November;Taif;54.3
2018;November;Jizan;0.0
2018;November;Rafha;87.5
2018;November;Sharorah;0.0
2018;December;Wejh;0.001
2018;December;Yenbo;4.1
2018;December;Guriat;0.001
2018;December;Turaif;8.3
2018;December;Al-Jouf;16.9
2018;December;Riyadh New;5.3
2019;January;Dmmam;1.0
2019;January;Bisha;0.0
2019;January;Najran;0.0
2019;January;Sharorah;0.0
2019;January;Riyadh New;2.5
2019;January;Tabuk;43.3
2019;February;Khamis Mushait;5.0
2019;February;Madinah;4.9
2019;February;Turaif;13.0
2019;February;Riyadh New;9.8
2019;February;Qaisumah;10.7
2019;March;Arar;10.3
2019;March;Madinah;0.0
2019;March;Wadi Aldawasir;0.0
2019;March;Al-Baha;0.0
2019;April;Wejh;0.0
2019;April;Dmmam;30.0
2019;April;Bisha;3.7
2019;April;Rafha;6.9
2019;May;Abha;63.0
2019;May;Taif;44.0
2019;May;Wadi Aldawasir;2.0
2019;June;Wejh;0.0
2019;June;Dmmam;0.0
2019;June;Makkah;37.4
2019;June;Taif;3.4
2019;June;Rafha;0.0
2019;June;Sharorah;0.0
2019;June;Riyadh New;0.0
2019;July;Wejh;0.0
2019;July;Guriat;0.0
2019;July;Turaif;0.0
2019;July;Tabuk;0.0
2019;August;Arar;0.0
2019;August;Abha;54.8
2019;August;Makkah;62.3
2019;August;Najran;0.0
2019;August;Riyadh New;0.0
2019;September;Guriat;0.0
2019;September;Dmmam;0.0
2019;September;Bisha;0.0
2019;September;Riyadh New;0.0
2019;October;Makkah;24.0
2019;October;Turaif;12.8
2019;October;Jizan;40.3
2019;October;Najran;0.0
2019;October;Riyadh New;0.0
2019;November;Hail;12.0
2019;November;Dmmam;3.5
2019;November;Turaif;24.1
2019;November;Jizan;95.3
2019;December;Guriat;3.0
2019;December;Turaif;3.5
2009;January;Hail;0.0
2009;January;Wejh;0.0
2009;January;Hafr Elbatten;1.0
2009;January;Najran;2.8
2009;January;Sharorah;0.0
2009;January;Riyadh Old;0.0
2009;February;Wejh;0.0
2009;February;Al-Ahsa;4.1
2009;February;Yenbo;0.0
2009;February;Riyadh New;1.0
2009;February;Al-Baha;0.0
2009;March;Madinah;0.0
2009;March;Makkah;0.0
2009;March;Rafha;3.2
2009;March;Jeddah KAIA;0.0
2009;March;Qaisumah;4.8
2009;March;Al-Baha;0.0
2009;April;Dmmam;26.8
2009;April;Makkah;0.0
2009;April;Turaif;1.0
2009;April;Taif;5.3
2009;April;Dhahran;20.5
2009;April;Jizan;0.0
2009;April;Rafha;3.8
2009;April;Al-Jouf;1.0
2009;May;Guriat;7.2
2009;May;Madinah;2.5
2009;May;Riyadh New;0.0
2009;June;Abha;5.0
2009;June;Madinah;0.0
2009;June;Riyadh New;0.0
2009;July;Wejh;0.0
2009;July;Abha;17.7
2009;July;Dmmam;0.0
2009;July;Najran;0.0
2009;July;Tabuk;0.0
2009;July;Qaisumah;0.0
2009;July;Riyadh Old;0.0
2009;July;Al-Baha;0.0
2009;August;Wejh;0.0
2009;August;Yenbo;0.0
2009;August;Abha;14.2
2009;August;Bisha;1.0
2009;August;Turaif;0.0
2009;August;Najran;1.8
2009;August;Al-Jouf;0.0
2009;September;Wejh;0.0
2009;September;Hafr Elbatten;0.0
2009;September;Yenbo;0.0
2009;September;Abha;1.0
2009;September;Dmmam;0.0
2009;September;Makkah;1.0
2009;September;Sulayel;0.0
2009;September;Taif;18.0
2009;September;Qassim;0.0
2009;September;Riyadh New;0.0
2009;September;Qaisumah;0.0
2009;October;Wejh;0.0
2009;October;Al-Ahsa;0.0
2009;October;Dmmam;0.0
2009;October;Taif;3.8
2009;October;Jizan;5.0
2009;October;Riyadh Old;0.0
2009;November;Arar;4.2
2009;November;Rafha;14.9
2009;November;Jeddah KAIA;70.0
2009;December;Arar;2.4
2009;December;Hafr Elbatten;16.0
2009;December;Madinah;1.1
2009;December;Makkah;13.0
2009;December;Riyadh Old;11.0
2010;January;Al-Ahsa;1.0
2010;January;Madinah;1.3
2010;January;Makkah;0.0
2010;January;Turaif;21.0
2010;January;Tabuk;38.8
2010;January;Qaisumah;47.5
2010;January;Al-Baha;0.0
2010;February;Al-Ahsa;1.0
2010;February;Guriat;6.1
2010;February;Bisha;1.0
2010;March;Abha;4.6
2010;March;Madinah;18.7
2010;April;Khamis Mushait;18.8
2010;April;Dmmam;39.9
2010;April;Al-Baha;31.3
2010;May;Yenbo;0.0
2010;May;Abha;34.7
2010;May;Taif;23.1
2010;May;Riyadh New;70.6
2010;May;Al-Baha;23.1
2010;June;Abha;1.0
2010;June;Makkah;0.0
2010;June;Qaisumah;0.0
2010;July;Arar;0.0
2010;July;Dmmam;0.0
2010;July;Jizan;54.0
2010;July;Rafha;0.0
2010;July;Jeddah KAIA;7.2
2010;July;Qassim;0.0
2010;August;Khamis Mushait;33.5
2010;August;Abha;29.0
2010;August;Rafha;0.0
2010;September;Khamis Mushait;1.5
2010;September;Jizan;7.0
2010;October;Arar;0.0
2010;October;Hafr Elbatten;0.0
2010;October;Abha;1.0
2010;October;Dmmam;0.0
2010;October;Bisha;0.0
2010;October;Turaif;4.9
2010;October;Sulayel;0.0
2010;October;Al-Jouf;0.0
2010;November;Madinah;0.0
2010;November;Taif;1.0
2010;November;Najran;0.0
2010;November;Tabuk;0.0
2010;November;Qaisumah;0.0
2010;December;Al-Ahsa;1.0
2010;December;Yenbo;48.3
2010;December;Madinah;14.4
2010;December;Sulayel;0.0
2011;January;Dmmam;51.0
2011;January;Najran;5.9
2011;January;Qassim;26.6
2011;February;Guriat;6.4
2011;February;Madinah;0.0
2011;February;Najran;0.0
2011;February;Tabuk;3.2
2011;March;Madinah;1.7
2011;March;Rafha;5.8
2011;April;Turaif;17.9
2011;April;Sharorah;4.8
2011;April;Tabuk;4.5
2011;May;Arar;0.0
2011;May;Hail;1.0
2011;May;Dmmam;4.6
2011;May;Turaif;1.0
2011;May;Taif;6.6
2011;May;Dhahran;1.0
2011;May;Qaisumah;6.8
2011;June;Wejh;0.0
2011;June;Hafr Elbatten;0.0
2011;June;Yenbo;0.0
2011;June;Abha;17.6
2011;June;Dmmam;0.0
2011;June;Makkah;0.0
2011;June;Bisha;0.0
2011;June;Jeddah KAIA;0.0
2011;June;Qassim;1.0
2011;June;Riyadh Old;0.0
2011;June;Al-Baha;4.6
2011;July;Al-Ahsa;0.0
2011;July;Madinah;0.0
2011;July;Bisha;1.0
2011;July;Taif;0.0
2011;August;Hafr Elbatten;0.0
2011;August;Madinah;0.0
2011;August;Sharorah;1.0
2011;August;Riyadh New;0.0
2011;September;Arar;0.0
2011;October;Al-Ahsa;0.0
2011;October;Abha;0.0
2011;October;Guriat;0.0
2011;October;Dhahran;0.0
2011;October;Sharorah;0.0
2011;October;Riyadh New;0.0
2011;October;Tabuk;0.0
2011;October;Al-Baha;0.0
2011;November;Guriat;0.0
2011;November;Najran;0.0
2011;December;Khamis Mushait;0.0
2011;December;Al-Ahsa;0.0
2011;December;Dmmam;0.0
2011;December;Bisha;0.0
2011;December;Sulayel;0.0
2011;December;Riyadh Old;1.0
2012;January;Guriat;10.9
2012;January;Taif;0.0
2012;January;Sharorah;0.0
2012;January;Tabuk;1.0
2012;January;Qaisumah;0.0
2012;February;Abha;0.0
2012;February;Dmmam;5.6
2012;February;Bisha;0.0
2012;February;Rafha;3.2
2012;February;Jeddah KAIA;0.0
2012;February;Tabuk;5.2
2012;March;Al-Ahsa;18.2
2012;March;Madinah;0.0
2012;March;Makkah;0.0
2012;March;Sulayel;0.0
2012;March;Rafha;9.0
2012;March;Al-Jouf;1.0
2012;March;Sharorah;0.0
2012;March;Al-Baha;0.0
2012;April;Guriat;1.0
2012;April;Dmmam;7.8
2012;April;Madinah;1.0
2012;April;Turaif;0.0
2012;April;Al-Jouf;0.0
2012;April;Sharorah;1.7
2012;April;Qassim;7.1
2012;May;Yenbo;0.0
2012;May;Bisha;1.3
2012;May;Dhahran;0.0
2012;May;Riyadh New;0.0
2012;June;Arar;0.0
2012;June;Hafr Elbatten;0.0
2012;June;Riyadh New;0.0
2012;June;Tabuk;0.0
2012;July;Hail;0.0
2012;July;Hafr Elbatten;0.0
2012;July;Rafha;0.0
2012;August;Hafr Elbatten;0.0
2012;August;Madinah;0.0
2012;August;Taif;2.0
2012;August;Tabuk;0.0
2012;September;Khamis Mushait;1.0
2012;September;Turaif;0.0
2012;September;Taif;0.0
2012;September;Dhahran;0.0
2012;September;Jeddah KAIA;0.0
2012;October;Arar;1.0
2012;October;Wejh;0.0
2012;October;Makkah;0.0
2012;October;Dhahran;0.0
2012;October;Jizan;1.4
2012;November;Arar;0.0
2012;November;Hail;2.7
2012;November;Al-Ahsa;0.0
2012;November;Sulayel;2.4
2012;November;Taif;4.3
2012;November;Al-Jouf;1.0
2012;November;Jeddah KAIA;3.5
2012;November;Qassim;32.9
2012;November;Tabuk;1.1
2012;December;Khamis Mushait;0.0
2012;December;Abha;0.0
2012;December;Dmmam;9.2
2012;December;Bisha;1.0
2012;December;Turaif;0.0
2012;December;Taif;6.1
2012;December;Najran;1.0
2012;December;Riyadh New;20.1
2012;December;Qaisumah;39.3
2013;January;Arar;19.5
2013;January;Khamis Mushait;0.0
2013;January;Wejh;9.5
2013;January;Jizan;59.8
2013;January;Qaisumah;2.6
2013;February;Arar;3.6
2013;February;Abha;0.0
2013;February;Bisha;0.0
2013;February;Sulayel;0.0
2013;February;Jizan;0.0
2013;February;Tabuk;5.5
2013;March;Khamis Mushait;15.7
2013;March;Abha;35.6
2013;March;Turaif;1.5
2013;March;Najran;13.0
2013;March;Sharorah;6.4
2013;April;Madinah;20.0
2013;April;Al-Jouf;0.0
2013;April;Sharorah;10.0
2013;May;Najran;5.2
2013;June;Madinah;0.0
2013;June;Bisha;0.0
2013;June;Taif;0.0
2013;June;Rafha;0.0
2013;June;Al-Jouf;0.0
2013;June;Tabuk;0.0
2013;July;Hail;0.0
2013;July;Makkah;0.0
2013;July;Bisha;0.0
2013;July;Taif;0.0
2013;July;Jizan;14.0
2013;July;Najran;0.0
2013;July;Jeddah KAIA;0.0
2013;August;Khamis Mushait;6.3
2013;August;Makkah;14.0
2013;August;Sulayel;0.0
2013;August;Dhahran;0.0
2013;August;Jizan;31.0
2013;September;Al-Ahsa;0.0
2013;September;Yenbo;0.0
2013;September;Dmmam;0.0
2013;September;Madinah;0.0
2013;September;Sulayel;0.0
2013;September;Dhahran;0.0
2013;September;Najran;2.0
2013;September;Jeddah KAIA;0.0
2013;September;Riyadh New;0.0
2013;September;Qaisumah;0.0
2013;October;Hail;14.1
2013;October;Al-Ahsa;0.0
2013;October;Yenbo;5.0
2013;October;Rafha;17.1
2013;October;Al-Baha;0.0
2013;November;Hail;28.0
2013;November;Bisha;20.2
2013;December;Hail;2.1
2013;December;Makkah;1.5
2013;December;Al-Jouf;12.3
2014;January;Arar;7.3
2014;January;Makkah;10.6
2014;January;Turaif;9.8
2014;January;Taif;25.8
2014;January;Jizan;0.0
2014;January;Najran;0.0
2014;January;Sharorah;0.0
2014;February;Arar;2.1
2014;February;Bisha;0.0
2014;February;Dhahran;5.8
2014;February;Al-Jouf;0.0
2014;March;Makkah;0.0
2014;March;Turaif;17.2
2014;March;Dhahran;8.6
2014;April;Arar;10.1
2014;April;Hail;4.4
2014;April;Madinah;8.5
2014;April;Tabuk;0.0
2014;May;Hail;2.3
2014;May;Khamis Mushait;15.9
2014;May;Guriat;14.0
2014;May;Bisha;12.3
2014;May;Turaif;29.7
2014;May;Taif;13.6
2014;May;Sharorah;0.0
2014;June;Hail;0.0
2014;June;Dmmam;0.0
2014;June;Qassim;0.0
2014;June;Riyadh New;0.0
2014;June;Tabuk;0.0
2014;July;Khamis Mushait;1.5
2014;July;Al-Ahsa;0.0
2014;July;Dmmam;0.0
2014;July;Sulayel;0.0
2014;July;Qassim;0.0
2014;July;Qaisumah;0.0
2014;August;Abha;0.0
2014;August;Turaif;0.0
2014;August;Al-Jouf;0.0
2014;August;Riyadh New;0.0
2014;September;Hail;0.0
2014;September;Turaif;0.0
2014;September;Rafha;0.0
2014;September;Qassim;0.0
2014;October;Abha;0.0
2014;November;Arar;3.8
2014;November;Guriat;0.0
2014;November;Bisha;1.7
2014;November;Al-Jouf;0.0
2014;December;Guriat;14.0
2014;December;Bisha;0.0
2014;December;Jizan;9.0
2014;December;Al-Baha;0.0
2015;January;Taif;0.0
2015;January;Al-Baha;0.0
2015;February;Arar;0.001
2015;February;Taif;0.0
2015;February;Rafha;2.2
2015;February;Qassim;0.0
2015;March;Yenbo;0.0
2015;March;Guriat;0.001
2015;April;Hail;0.001
2015;April;Makkah;0.0
2015;April;Jeddah KAIA;0.001
2015;May;Yenbo;0.0
2015;May;Makkah;0.0
2015;May;Rafha;0.001
2015;May;Qassim;0.0
2015;May;Riyadh New;2.0
2015;June;Hail;0.0
2015;June;Khamis Mushait;0.0
2015;June;Madinah;1.8
2015;June;Bisha;0.0
2015;June;Qassim;0.0
2015;July;Al-Ahsa;0.0
2015;July;Abha;19.3
2015;July;Makkah;0.0
2015;July;Turaif;0.0
2015;July;Jizan;0.0
2015;July;Jeddah KAIA;0.0
2015;July;Qaisumah;0.0
2015;July;Al-Baha;2.5
2015;August;Hail;0.001
2015;August;Al-Ahsa;0.0
2015;August;Yenbo;2.0
2015;August;Abha;42.0
2015;August;Madinah;5.7
2015;August;Wadi Aldawasir;0.0
2015;August;Jizan;12.5
2015;August;Qassim;0.0
2015;August;Al-Baha;24.1
2015;September;Arar;0.0
2015;September;Abha;1.0
2015;September;Makkah;41.4
2015;September;Bisha;0.0
2015;September;Rafha;0.0
2015;September;Al-Jouf;0.001
2015;September;Qaisumah;0.0
2015;October;Arar;3.5
2015;October;Yenbo;2.7
2015;October;Madinah;0.001
2015;October;Jizan;2.7
2015;October;Al-Jouf;7.6
2015;October;Tabuk;10.2
2015;November;Wejh;36.6
2015;November;Madinah;12.0
2015;November;Bisha;0.0
2015;November;Turaif;28.1
2015;November;Al-Jouf;9.8
2015;November;Sharorah;2.9
2015;November;Jeddah KAIA;21.5
2015;November;Al-Baha;0.001
2015;December;Madinah;6.2
2015;December;Bisha;2.6
2015;December;Turaif;11.7
2015;December;Taif;6.9
2015;December;Jeddah KAIA;8.5
2015;December;Qassim;33.5
2015;December;Riyadh New;11.2
2016;January;Yenbo;0.0
2016;January;Guriat;0.001
2016;January;Taif;18.5
2016;January;Qassim;0.001
2016;January;Tabuk;0.0
2016;February;Al-Ahsa;4.1
2016;February;Bisha;0.001
2016;February;Wadi Aldawasir;1.4
2016;February;Najran;5.0
2016;February;Sharorah;0.0
2016;March;Abha;0.001
2016;March;Guriat;30.7
2016;March;Bisha;3.0
2016;March;Turaif;29.5
2016;March;Wadi Aldawasir;5.0
2016;March;Jeddah KAIA;0.0
2016;March;Tabuk;26.3
2016;March;Qaisumah;16.1
2016;April;Khamis Mushait;180.1
2016;April;Abha;243.9
2016;April;Najran;75.4
2016;May;Yenbo;0.0
2016;May;Bisha;1.2
2016;June;Hail;0.0
2016;June;Guriat;0.0
2016;June;Dmmam;0.0
2016;June;Wadi Aldawasir;0.0
2016;June;Jizan;0.0
2016;June;Najran;0.0
2016;June;Rafha;0.0
2016;June;Sharorah;0.0
2016;July;Yenbo;0.0
2016;July;Makkah;0.0
2016;July;Al-Jouf;0.0
2016;July;Tabuk;0.0
2016;July;Qaisumah;0.0
2016;August;Rafha;0.0
2016;August;Jeddah KAIA;0.0
2016;August;Qaisumah;0.0
2016;September;Wejh;0.0
2016;September;Abha;7.0
2016;September;Turaif;0.0
2016;October;Abha;0.0
2016;October;Sharorah;0.0
2016;October;Riyadh New;0.0
2016;October;Al-Baha;0.0
2016;November;Al-Ahsa;67.4
2016;November;Abha;10.2
2016;November;Taif;7.2
2016;November;Jizan;0.0
2016;November;Al-Jouf;4.0
2016;December;Taif;0.0
2016;December;Al-Jouf;4.0
2017;January;Guriat;0.0
2017;January;Dmmam;0.001
2017;January;Jizan;0.0
2017;January;Qassim;0.0
2017;January;Al-Baha;0.0
2017;February;Bisha;0.001
2017;February;Najran;0.001
2017;February;Rafha;0.0
2017;February;Al-Jouf;10.0
2017;February;Sharorah;0.0
2017;February;Riyadh New;0.001
2017;March;Sharorah;0.0
2017;March;Qaisumah;0.0
2017;April;Yenbo;0.0
2017;April;Guriat;0.0
2017;April;Wadi Aldawasir;0.001
2017;April;Najran;10.8
2017;April;Tabuk;5.4
2017;April;Qaisumah;17.0
2017;May;Turaif;0.0
2017;May;Riyadh New;1.6
2017;May;Al-Baha;5.7
2017;June;Arar;23.4
2017;June;Hail;0.0
2017;June;Madinah;0.0
2017;June;Bisha;9.7
2017;June;Turaif;0.001
2017;June;Jizan;1.6
2017;June;Rafha;0.0
2017;July;Arar;7.5
2017;July;Guriat;18.1
2017;July;Taif;0.0
2017;July;Rafha;0.0
2017;July;Qassim;0.0
2017;August;Wejh;0.0
2017;August;Al-Ahsa;0.0
2017;August;Jizan;0.001
2017;August;Al-Jouf;0.001
2017;August;Sharorah;0.0
2017;August;Qaisumah;0.0
2017;September;Guriat;0.0
2017;September;Dmmam;1.1
2017;September;Bisha;0.001
2017;September;Turaif;0.0
2017;September;Rafha;0.001
2017;September;Qassim;3.0
2017;September;Tabuk;0.001
2017;October;Arar;0.0
2017;October;Wejh;0.0
2017;October;Turaif;1.1
2017;October;Sharorah;0.001
2017;October;Qassim;0.0
2017;November;Arar;2.2
2017;November;Wejh;0.0
2017;November;Al-Ahsa;0.0
2017;November;Al-Jouf;0.001
2017;December;Khamis Mushait;13.4
2017;December;Wejh;0.0
2017;December;Yenbo;17.0
2017;December;Abha;0.0
2017;December;Taif;0.0
2017;December;Rafha;18.5
2017;December;Al-Jouf;108.3
2017;December;Al-Baha;167.5
2018;January;Al-Jouf;1.6
2018;February;Yenbo;4.6
2018;February;Guriat;19.8
2018;February;Taif;2.9
2018;February;Wadi Aldawasir;0.001
2018;February;Al-Jouf;18.1
2018;February;Sharorah;3.6
2018;February;Riyadh New;7.2
2018;February;Al-Baha;4.3
2018;March;Yenbo;0.0
2018;March;Dmmam;0.0
2018;March;Al-Jouf;0.0
2018;April;Abha;84.2
2018;April;Guriat;3.1
2018;April;Najran;52.9
2018;April;Jeddah KAIA;0.0
2018;May;Hail;16.6
2018;May;Wejh;0.001
2018;May;Abha;25.6
2018;May;Makkah;1.5
2018;May;Wadi Aldawasir;0.0
2018;May;Najran;6.3
2018;May;Rafha;14.5
2018;May;Sharorah;0.0
2018;May;Qassim;18.2
2018;May;Riyadh New;0.001
2018;June;Hail;0.0
2018;June;Khamis Mushait;4.0
2018;July;Abha;38.7
2018;July;Madinah;0.0
2018;July;Tabuk;0.0
2018;July;Al-Baha;0.001
2018;August;Madinah;0.0
2018;August;Wadi Aldawasir;0.0
2018;August;Sharorah;0.001
2018;September;Hail;0.001
2018;September;Wejh;0.0
2018;September;Guriat;0.0
2018;September;Jizan;30.0
2018;September;Najran;0.0
2018;September;Rafha;0.0
2018;September;Qaisumah;0.0
2018;September;Al-Baha;0.0
2018;October;Madinah;25.3
2018;October;Makkah;90.9
2018;October;Bisha;17.0
2018;October;Taif;70.9
2018;October;Najran;11.5
2018;October;Sharorah;2.0
2018;November;Khamis Mushait;2.5
2018;November;Najran;0.001
2018;November;Jeddah KAIA;70.8
2018;December;Dmmam;0.001
2018;December;Madinah;4.2
2018;December;Wadi Aldawasir;0.0
2018;December;Jizan;52.1
2018;December;Najran;0.0
2018;December;Rafha;43.0
2018;December;Qassim;7.6
2019;January;Arar;50.9
2019;January;Abha;0.0
2019;January;Madinah;52.1
2019;February;Hail;6.3
2019;February;Al-Ahsa;3.4
2019;February;Abha;2.0
2019;February;Makkah;1.0
2019;February;Taif;0.0
2019;February;Qassim;17.9
2019;March;Yenbo;0.0
2019;March;Guriat;4.7
2019;March;Dmmam;14.4
2019;March;Makkah;0.0
2019;March;Turaif;12.7
2019;March;Najran;0.0
2019;April;Khamis Mushait;7.4
2019;April;Al-Ahsa;29.2
2019;April;Abha;17.2
2019;April;Wadi Aldawasir;18.2
2019;April;Qassim;14.2
2019;May;Khamis Mushait;158.7
2019;May;Al-Ahsa;2.3
2019;May;Bisha;51.5
2019;May;Najran;16.4
2019;May;Sharorah;16.4
2019;June;Al-Ahsa;0.0
2019;June;Yenbo;0.0
2019;June;Abha;28.9
2019;June;Guriat;8.3
2019;June;Jizan;3.2
2019;June;Qaisumah;0.0
2019;July;Hail;0.0
2019;July;Abha;9.2
2019;July;Riyadh New;0.0
2019;July;Al-Baha;6.5
2019;August;Taif;0.0
2019;August;Al-Jouf;0.0
2019;September;Khamis Mushait;2.0
2019;September;Abha;1.8
2019;September;Jizan;6.1
2019;September;Najran;7.0
2019;September;Al-Jouf;0.0
2019;September;Sharorah;7.0
2019;September;Jeddah KAIA;0.0
2019;October;Hail;6.0
2019;October;Taif;10.4
2019;November;Abha;9.7
2019;November;Makkah;15.5
2019;November;Rafha;28.2
2019;November;Al-Jouf;8.9
2019;December;Arar;13.3
2019;December;Hail;2.5
2019;December;Wejh;0.0
2019;December;Yenbo;0.0
2019;December;Al-Jouf;6.6
2009;January;Khamis Mushait;4.8
2009;January;Madinah;0.0
2009;January;Taif;1.0
2009;January;Dhahran;4.2
2009;January;Rafha;1.0
2009;January;Riyadh New;0.0
2009;January;Tabuk;0.0
2009;January;Qaisumah;5.3
2009;February;Hail;1.0
2009;February;Turaif;0.0
2009;February;Rafha;4.2
2009;February;Tabuk;1.2
2009;March;Arar;1.2
2009;March;Khamis Mushait;1.0
2009;March;Yenbo;0.0
2009;March;Abha;2.0
2009;March;Sulayel;0.0
2009;March;Jizan;15.7
2009;April;Arar;3.1
2009;April;Bisha;1.0
2009;April;Sulayel;9.0
2009;April;Qassim;10.3
2009;April;Riyadh Old;23.2
2009;May;Arar;0.0
2009;May;Yenbo;1.6
2009;May;Abha;2.5
2009;May;Taif;55.4
2009;May;Dhahran;0.0
2009;May;Qassim;47.1
2009;May;Qaisumah;7.1
2009;May;Al-Baha;8.1
2009;June;Hafr Elbatten;0.0
2009;June;Al-Ahsa;0.0
2009;June;Guriat;0.0
2009;June;Bisha;0.0
2009;June;Rafha;0.0
2009;June;Al-Baha;1.0
2009;July;Taif;0.0
2009;July;Jizan;0.0
2009;July;Rafha;0.0
2009;July;Sharorah;0.0
2009;July;Riyadh New;0.0
2009;August;Khamis Mushait;3.4
2009;August;Hafr Elbatten;0.0
2009;August;Madinah;1.0
2009;August;Rafha;0.0
2009;August;Al-Baha;1.0
2009;September;Al-Ahsa;0.0
2009;September;Jizan;5.0
2009;September;Sharorah;0.0
2009;September;Tabuk;0.0
2009;September;Riyadh Old;0.0
2009;October;Qassim;0.0
2009;October;Tabuk;1.0
2009;November;Al-Ahsa;1.0
2009;November;Guriat;1.0
2009;November;Madinah;2.0
2009;November;Sharorah;0.0
2009;November;Riyadh Old;1.0
2009;November;Al-Baha;0.0
2009;December;Jizan;0.0
2009;December;Rafha;0.0
2009;December;Qassim;15.4
2009;December;Tabuk;1.0
2010;January;Arar;2.8
2010;January;Khamis Mushait;24.0
2010;January;Guriat;18.3
2010;January;Bisha;0.0
2010;January;Sulayel;1.0
2010;January;Sharorah;0.0
2010;January;Riyadh New;0.0
2010;February;Khamis Mushait;9.1
2010;February;Taif;14.2
2010;February;Dhahran;1.0
2010;February;Rafha;1.0
2010;February;Qassim;1.0
2010;March;Hail;35.5
2010;March;Yenbo;8.6
2010;March;Guriat;17.6
2010;March;Bisha;1.0
2010;March;Rafha;1.0
2010;March;Sharorah;0.0
2010;March;Qassim;1.0
2010;March;Riyadh Old;1.0
2010;April;Arar;17.5
2010;April;Hafr Elbatten;33.9
2010;April;Abha;22.4
2010;April;Madinah;9.9
2010;April;Bisha;31.5
2010;April;Turaif;18.6
2010;April;Sulayel;7.8
2010;April;Dhahran;10.2
2010;April;Rafha;24.2
2010;April;Jeddah KAIA;0.0
2010;April;Tabuk;1.0
2010;May;Hafr Elbatten;8.0
2010;May;Al-Ahsa;17.1
2010;May;Turaif;1.0
2010;May;Jizan;0.0
2010;May;Al-Jouf;5.2
2010;June;Arar;0.0
2010;June;Bisha;0.0
2010;June;Sulayel;1.0
2010;June;Al-Jouf;0.0
2010;July;Khamis Mushait;71.4
2010;July;Yenbo;0.0
2010;July;Abha;76.9
2010;July;Makkah;1.6
2010;July;Sulayel;0.0
2010;July;Taif;11.4
2010;July;Najran;1.0
2010;July;Qaisumah;0.0
2010;August;Wejh;1.0
2010;August;Hafr Elbatten;1.0
2010;August;Guriat;0.0
2010;August;Dmmam;0.0
2010;August;Qassim;0.0
2010;August;Riyadh Old;5.0
2010;September;Hail;0.0
2010;September;Hafr Elbatten;0.0
2010;September;Guriat;0.0
2010;September;Bisha;0.0
2010;September;Turaif;0.0
2010;September;Sulayel;0.0
2010;September;Dhahran;0.0
2010;September;Rafha;0.0
2010;September;Riyadh Old;0.0
2010;September;Al-Baha;2.0
2010;October;Wejh;0.0
2010;October;Madinah;0.0
2010;October;Makkah;0.0
2010;October;Jizan;25.3
2010;October;Rafha;1.0
2010;October;Jeddah KAIA;0.0
2010;October;Riyadh New;0.0
2010;October;Tabuk;0.0
2010;October;Qaisumah;0.0
2010;October;Al-Baha;0.0
2010;November;Hail;0.0
2010;November;Al-Ahsa;0.0
2010;November;Bisha;1.1
2010;November;Turaif;0.0
2010;November;Sulayel;0.0
2010;November;Jizan;0.0
2010;November;Sharorah;0.0
2010;November;Qassim;0.0
2010;December;Arar;5.9
2010;December;Khamis Mushait;0.0
2010;December;Wejh;95.0
2010;December;Hafr Elbatten;0.0
2010;December;Al-Jouf;7.0
2010;December;Sharorah;0.0
2010;December;Qassim;10.2
2010;December;Qaisumah;1.0
2010;December;Al-Baha;5.0
2011;January;Arar;14.8
2011;January;Wejh;0.0
2011;January;Abha;10.8
2011;January;Guriat;7.4
2011;January;Makkah;36.8
2011;January;Bisha;0.0
2011;January;Rafha;1.0
2011;January;Riyadh Old;51.6
2011;February;Khamis Mushait;1.0
2011;February;Wejh;0.0
2011;February;Abha;0.0
2011;February;Turaif;9.0
2011;February;Jeddah KAIA;0.0
2011;February;Qassim;0.0
2011;March;Arar;5.9
2011;March;Wejh;318.5
2011;March;Yenbo;1.0
2011;March;Abha;8.0
2011;March;Bisha;14.2
2011;March;Riyadh Old;13.3
2011;April;Yenbo;0.0
2011;April;Dmmam;27.7
2011;April;Bisha;16.8
2011;April;Taif;0.0
2011;April;Jizan;0.0
2011;April;Rafha;28.4
2011;April;Al-Jouf;11.9
2011;April;Riyadh Old;41.4
2011;May;Khamis Mushait;8.0
2011;May;Hafr Elbatten;4.0
2011;May;Al-Ahsa;33.2
2011;May;Yenbo;0.0
2011;May;Abha;4.5
2011;May;Guriat;1.0
2011;May;Bisha;6.4
2011;May;Al-Jouf;0.0
2011;May;Riyadh New;1.0
2011;May;Riyadh Old;1.0
2011;June;Madinah;1.0
2011;June;Turaif;1.0
2011;June;Dhahran;0.0
2011;June;Jizan;0.0
2011;June;Rafha;0.0
2011;June;Riyadh New;0.0
2011;July;Hafr Elbatten;0.0
2011;July;Yenbo;0.0
2011;July;Abha;18.5
2011;July;Guriat;0.0
2011;July;Najran;1.0
2011;July;Qassim;0.0
2011;July;Riyadh New;0.0
2011;August;Arar;0.0
2011;August;Turaif;0.0
2011;August;Jizan;41.0
2011;August;Najran;3.0
2011;August;Al-Jouf;0.0
2011;August;Jeddah KAIA;0.0
2011;August;Qassim;0.0
2011;August;Qaisumah;0.0
2011;September;Hail;0.0
2011;September;Khamis Mushait;27.0
2011;September;Jizan;1.0
2011;September;Rafha;0.0
2011;September;Jeddah KAIA;0.0
2011;September;Qaisumah;0.0
2011;September;Riyadh Old;0.0
2011;October;Arar;1.0
2011;October;Wejh;0.0
2011;October;Hafr Elbatten;0.0
2011;October;Turaif;0.0
2011;October;Taif;0.0
2011;October;Al-Jouf;1.0
2011;October;Riyadh Old;0.0
2011;November;Wejh;0.0
2011;November;Yenbo;0.0
2011;November;Abha;5.8
2011;November;Dmmam;45.3
2011;November;Makkah;0.0
2011;November;Turaif;0.0
2011;November;Rafha;1.0
2011;November;Qassim;51.6
2011;December;Arar;0.0
2011;December;Hail;0.0
2011;December;Guriat;4.9
2011;December;Jizan;0.0
2011;December;Al-Jouf;0.0
2011;December;Tabuk;0.0
2012;January;Dmmam;0.0
2012;January;Sulayel;0.0
2012;January;Riyadh New;0.0
2012;February;Turaif;25.2
2012;February;Sulayel;0.0
2012;February;Najran;0.0
2012;February;Al-Jouf;1.0
2012;March;Arar;1.0
2012;March;Khamis Mushait;1.0
2012;March;Yenbo;0.0
2012;March;Guriat;1.9
2012;March;Turaif;1.0
2012;March;Jizan;0.0
2012;March;Jeddah KAIA;0.0
2012;March;Tabuk;1.0
2012;April;Khamis Mushait;52.6
2012;April;Al-Ahsa;33.2
2012;April;Najran;57.0
2012;April;Jeddah KAIA;8.0
2012;May;Abha;1.0
2012;May;Madinah;1.0
2012;May;Sulayel;0.0
2012;May;Jizan;0.0
2012;May;Sharorah;0.0
2012;May;Qassim;2.2
2012;May;Al-Baha;16.9
2012;June;Hail;0.0
2012;June;Khamis Mushait;8.5
2012;June;Wejh;0.0
2012;June;Madinah;1.0
2012;June;Jeddah KAIA;0.0
2012;July;Khamis Mushait;9.4
2012;July;Al-Ahsa;0.0
2012;July;Makkah;0.0
2012;July;Qaisumah;0.0
2012;July;Al-Baha;11.9
2012;August;Arar;0.0
2012;August;Yenbo;0.0
2012;August;Jizan;2.0
2012;August;Najran;1.0
2012;September;Makkah;0.0
2012;September;Bisha;0.0
2012;September;Jizan;6.2
2012;September;Sharorah;16.0
2012;September;Riyadh New;0.0
2012;October;Abha;4.0
2012;October;Madinah;29.5
2012;October;Bisha;0.0
2012;October;Sulayel;0.0
2012;October;Najran;0.0
2012;October;Al-Jouf;0.0
2012;October;Qassim;0.0
2012;October;Riyadh New;1.2
2012;November;Wejh;1.0
2012;November;Guriat;1.0
2012;November;Turaif;1.0
2012;November;Jizan;16.5
2012;November;Sharorah;0.0
2012;November;Riyadh New;16.0
2012;December;Arar;5.0
2012;December;Guriat;0.0
2012;December;Al-Jouf;0.0
2012;December;Tabuk;1.0
2013;January;Hail;21.2
2013;January;Bisha;0.0
2013;January;Dhahran;1.5
2013;January;Rafha;29.0
2013;January;Tabuk;75.6
2013;February;Hafr Elbatten;15.0
2013;February;Madinah;0.0
2013;February;Makkah;0.0
2013;February;Taif;0.0
2013;February;Dhahran;5.6
2013;February;Rafha;1.2
2013;February;Al-Jouf;4.2
2013;February;Jeddah KAIA;0.0
2013;February;Qassim;0.0
2013;March;Makkah;0.0
2013;March;Bisha;14.6
2013;March;Rafha;5.7
2013;March;Qassim;5.9
2013;March;Qaisumah;35.1
2013;April;Hail;29.4
2013;April;Yenbo;0.0
2013;April;Makkah;1.5
2013;April;Bisha;64.9
2013;April;Sulayel;36.0
2013;April;Jizan;0.0
2013;April;Qassim;11.6
2013;April;Riyadh New;39.8
2013;May;Hail;2.2
2013;May;Wejh;0.0
2013;May;Hafr Elbatten;13.0
2013;May;Yenbo;0.0
2013;May;Guriat;5.1
2013;May;Bisha;97.3
2013;May;Taif;18.7
2013;May;Al-Jouf;4.0
2013;May;Sharorah;21.0
2013;June;Al-Ahsa;0.0
2013;June;Guriat;0.0
2013;June;Dmmam;0.0
2013;June;Dhahran;0.0
2013;June;Sharorah;0.0
2013;June;Jeddah KAIA;0.0
2013;July;Khamis Mushait;10.4
2013;July;Wejh;0.0
2013;July;Yenbo;0.0
2013;July;Sulayel;0.0
2013;July;Rafha;0.0
2013;July;Sharorah;10.0
2013;August;Al-Ahsa;0.0
2013;August;Madinah;1.1
2013;August;Sharorah;4.8
2013;August;Qassim;0.0
2013;September;Hail;0.0
2013;September;Turaif;0.0
2013;September;Rafha;0.0
2013;September;Qassim;0.0
2013;October;Khamis Mushait;0.0
2013;October;Wejh;0.0
2013;October;Guriat;0.0
2013;October;Dhahran;0.0
2013;October;Najran;0.0
2013;October;Al-Jouf;0.0
2013;October;Jeddah KAIA;0.0
2013;November;Khamis Mushait;15.9
2013;November;Abha;43.7
2013;November;Guriat;9.9
2013;November;Sulayel;3.0
2013;November;Dhahran;93.0
2013;December;Turaif;18.7
2013;December;Dhahran;1.2
2014;January;Yenbo;27.5
2014;January;Abha;4.4
2014;January;Madinah;38.4
2014;February;Khamis Mushait;1.5
2014;February;Makkah;1.9
2014;February;Turaif;3.2
2014;February;Sulayel;0.0
2014;February;Najran;0.0
2014;February;Tabuk;2.3
2014;March;Hail;30.6
2014;March;Guriat;21.5
2014;March;Rafha;31.9
2014;March;Al-Jouf;27.3
2014;March;Sharorah;11.1
2014;March;Al-Baha;7.2
2014;April;Wejh;0.0
2014;April;Guriat;0.0
2014;April;Dhahran;0.0
2014;April;Al-Jouf;13.6
2014;May;Jizan;0.0
2014;May;Najran;19.0
2014;May;Al-Jouf;3.0
2014;May;Qassim;0.0
2014;May;Al-Baha;10.9
2014;June;Wejh;0.0
2014;June;Taif;4.5
2014;June;Al-Jouf;3.1
2014;June;Sharorah;0.0
2014;July;Abha;23.5
2014;July;Guriat;0.0
2014;July;Jeddah KAIA;6.0
2014;August;Wejh;0.0
2014;August;Sharorah;0.0
2014;August;Qassim;0.0
2014;September;Khamis Mushait;3.6
2014;September;Wejh;0.0
2014;September;Yenbo;0.0
2014;September;Dmmam;0.0
2014;September;Makkah;0.0
2014;September;Jeddah KAIA;0.0
2014;September;Qaisumah;0.0
2014;September;Al-Baha;5.5
2014;October;Hail;4.2
2014;October;Guriat;3.8
2014;October;Turaif;3.5
2014;October;Najran;0.0
2014;October;Rafha;2.0
2014;October;Al-Jouf;6.7
2014;October;Sharorah;0.0
2014;November;Khamis Mushait;2.6
2014;November;Wejh;0.0
2014;November;Al-Ahsa;17.1
2014;November;Madinah;0.0
2014;November;Makkah;30.5
2014;November;Jizan;3.0
2014;November;Qassim;14.7
2014;November;Riyadh New;17.6
2014;December;Arar;12.5
2014;December;Makkah;4.0
2014;December;Sharorah;0.0
2015;January;Khamis Mushait;0.0
2015;January;Jizan;4.0
2015;January;Rafha;0.001
2015;January;Qassim;0.0
2015;January;Riyadh New;0.001
2015;February;Hail;0.001
2015;February;Wejh;4.9
2015;February;Al-Ahsa;0.0
2015;February;Yenbo;0.0
2015;February;Bisha;0.0
2015;February;Wadi Aldawasir;0.0
2015;February;Najran;0.0
2015;February;Sharorah;0.0
2015;February;Tabuk;2.4
2015;February;Al-Baha;0.0
2015;March;Arar;0.001
2015;March;Hail;1.8
2015;March;Abha;0.001
2015;March;Dmmam;21.0
2015;March;Qassim;8.4
2015;March;Tabuk;0.0
2015;April;Sharorah;0.0
2015;April;Qassim;3.4
2015;April;Tabuk;0.0
2015;May;Arar;0.0
2015;May;Khamis Mushait;9.6
2015;May;Al-Ahsa;1.4
2015;May;Sharorah;0.001
2015;June;Wejh;0.0
2015;June;Yenbo;0.0
2015;June;Abha;0.0
2015;June;Wadi Aldawasir;0.0
2015;June;Sharorah;0.0
2015;June;Jeddah KAIA;0.0
2015;July;Wejh;0.0
2015;July;Bisha;0.0
2015;July;Al-Jouf;0.0
2015;August;Rafha;0.001
2015;August;Sharorah;2.5
2015;August;Qaisumah;0.0
2015;September;Yenbo;0.0
2015;September;Guriat;0.0
2015;September;Najran;0.0
2015;September;Jeddah KAIA;0.001
2015;October;Dmmam;0.0
2015;October;Makkah;1.0
2015;October;Qassim;2.6
2015;October;Qaisumah;16.2
2015;November;Arar;17.4
2015;November;Hail;6.3
2015;November;Makkah;17.4
2015;November;Jizan;4.0
2015;November;Riyadh New;41.0
2015;December;Wejh;14.8
2015;December;Al-Ahsa;34.8
2015;December;Dmmam;36.1
2015;December;Najran;0.001
2015;December;Qaisumah;44.2
2016;January;Al-Ahsa;0.001
2016;January;Bisha;3.6
2016;January;Turaif;2.8
2016;January;Wadi Aldawasir;0.001
2016;February;Guriat;0.001
2016;February;Taif;0.001
2016;February;Rafha;14.6
2016;March;Wejh;5.0
2016;March;Yenbo;0.001
2016;March;Madinah;0.001
2016;March;Makkah;0.0
2016;March;Taif;0.001
2016;March;Jizan;0.0
2016;April;Hail;4.4
2016;April;Dmmam;16.8
2016;April;Madinah;32.0
2016;April;Turaif;11.8
2016;April;Jeddah KAIA;1.5
2016;April;Tabuk;0.0
2016;April;Qaisumah;3.9
2016;May;Khamis Mushait;48.7
2016;May;Al-Ahsa;0.001
2016;May;Guriat;0.0
2016;May;Dmmam;0.001
2016;May;Turaif;0.0
2016;May;Al-Jouf;0.001
2016;May;Riyadh New;3.6
2016;June;Khamis Mushait;2.0
2016;June;Al-Ahsa;0.0
2016;June;Abha;4.0
2016;June;Bisha;0.0
2016;June;Turaif;0.0
2016;June;Riyadh New;0.0
2016;July;Hail;0.0
2016;July;Madinah;0.0
2016;July;Taif;0.001
2016;July;Jizan;104.9
2016;August;Dmmam;0.0
2016;August;Madinah;0.0
2016;August;Bisha;1.2
2016;August;Turaif;0.0
2016;August;Taif;6.5
2016;August;Jizan;27.9
2016;September;Arar;0.0
2016;September;Hail;0.0
2016;September;Al-Jouf;0.0
2016;September;Riyadh New;0.0
2016;September;Al-Baha;0.001
2016;October;Al-Ahsa;0.0
2016;October;Dmmam;0.0
2016;October;Madinah;0.001
2016;October;Makkah;0.001
2016;October;Bisha;0.0
2016;October;Taif;0.0
2016;October;Jizan;0.0
2016;October;Al-Jouf;0.0
2016;October;Qaisumah;0.0
2016;November;Guriat;0.001
2016;November;Madinah;0.0
2016;November;Makkah;0.0
2016;November;Sharorah;0.0
2016;November;Jeddah KAIA;0.0
2016;November;Riyadh New;69.9
2016;November;Qaisumah;33.6
2016;December;Turaif;26.8
2016;December;Wadi Aldawasir;0.0
2016;December;Rafha;2.8
2017;January;Khamis Mushait;0.0
2017;January;Yenbo;0.0
2017;January;Taif;2.0
2017;January;Al-Jouf;183.4
2017;February;Khamis Mushait;0.0
2017;February;Turaif;0.0
2017;February;Wadi Aldawasir;2.0
2017;February;Jizan;17.0
2017;February;Tabuk;0.0
2017;February;Al-Baha;36.8
2017;March;Hail;0.0
2017;March;Wejh;0.0
2017;March;Dmmam;0.001
2017;March;Bisha;0.0
2017;March;Jizan;5.5
2017;March;Najran;90.3
2017;March;Riyadh New;31.0
2017;April;Al-Ahsa;0.0
2017;April;Turaif;0.0
2017;May;Abha;0.0
2017;May;Guriat;0.0
2017;May;Makkah;0.0
2017;May;Najran;0.0
2017;May;Sharorah;0.0
2017;June;Al-Jouf;9.4
2017;June;Jeddah KAIA;0.001
2017;June;Riyadh New;0.0
2017;July;Al-Ahsa;0.0
2017;July;Najran;0.0
2017;July;Al-Jouf;0.001
2017;August;Dmmam;0.001
2017;August;Madinah;0.0
2017;August;Taif;0.0
2017;August;Wadi Aldawasir;0.0
2017;September;Khamis Mushait;41.5
2017;September;Abha;0.0
2017;September;Jizan;4.5
2017;September;Sharorah;0.0
2017;September;Al-Baha;16.3
2017;October;Yenbo;0.0
2017;October;Taif;0.0
2017;October;Wadi Aldawasir;0.0
2017;October;Jeddah KAIA;0.001
2017;October;Riyadh New;3.0
2017;November;Madinah;3.4
2017;November;Jizan;0.0
2017;December;Arar;0.0
2017;December;Hail;0.0
2017;December;Al-Ahsa;0.001
2017;December;Dmmam;12.0
2017;December;Bisha;0.001
2017;December;Najran;0.0
2017;December;Sharorah;0.001
2017;December;Jeddah KAIA;5.8
2017;December;Tabuk;5.7
2018;January;Wejh;0.0
2018;January;Dmmam;0.0
2018;January;Najran;0.0
2018;January;Rafha;0.001
2018;January;Sharorah;0.0
2018;January;Riyadh New;0.0
2018;January;Qaisumah;0.001
2018;February;Dmmam;7.8
2018;February;Madinah;15.0
2018;February;Rafha;16.7
2018;March;Al-Ahsa;0.001
2018;March;Madinah;0.0
2018;March;Makkah;0.0
2018;March;Bisha;20.8
2018;March;Turaif;0.0
2018;March;Wadi Aldawasir;1.0
2018;April;Yenbo;0.0
2018;April;Jizan;0.001
2018;April;Al-Jouf;8.4
2018;April;Riyadh New;43.5
2018;April;Qaisumah;15.4
2018;May;Dmmam;2.2
2018;May;Bisha;5.8
2018;May;Al-Baha;22.5
2018;June;Wejh;0.0
2018;June;Makkah;0.001
2018;June;Wadi Aldawasir;0.0
2018;June;Najran;0.0
2018;June;Al-Jouf;0.0
2018;June;Sharorah;0.0
2018;June;Riyadh New;0.0
2018;July;Hail;0.0
2018;July;Makkah;0.0
2018;July;Turaif;0.0
2018;July;Jizan;0.0
2018;July;Riyadh New;0.0
2018;August;Hail;0.0
2018;August;Wejh;0.0
2018;August;Yenbo;0.0
2018;August;Abha;23.6
2018;August;Guriat;0.0
2018;August;Jizan;4.5
2018;August;Najran;8.0
2018;August;Jeddah KAIA;0.0
2018;August;Tabuk;0.0
2018;August;Qaisumah;0.0
2018;September;Yenbo;0.0
2018;September;Turaif;0.0
2018;September;Al-Jouf;0.0
2018;September;Jeddah KAIA;0.0
2018;September;Riyadh New;0.0
2018;September;Tabuk;0.0
2018;October;Khamis Mushait;9.1
2018;October;Abha;45.7
2018;October;Guriat;6.8
2018;October;Rafha;9.0
2018;October;Al-Jouf;10.3
2018;October;Jeddah KAIA;8.8
2018;October;Al-Baha;40.4
2018;November;Arar;125.0
2018;November;Hail;32.6
2018;November;Madinah;20.0
2018;November;Bisha;6.6
2018;November;Tabuk;0.001
2018;November;Qaisumah;149.1
2018;December;Arar;8.1
2018;December;Khamis Mushait;0.0
2018;December;Abha;0.0
2018;December;Makkah;11.7
2018;December;Bisha;0.0
2019;January;Jizan;0.0
2019;January;Rafha;13.3
2019;January;Qaisumah;4.8
2019;February;Yenbo;31.7
2019;February;Najran;0.0
2019;February;Rafha;11.9
2019;February;Jeddah KAIA;0.0
2019;March;Wejh;2.5
2019;March;Sharorah;0.0
2019;March;Riyadh New;11.0
2019;April;Arar;4.1
2019;April;Guriat;2.8
2019;April;Najran;12.3
2019;April;Al-Baha;21.2
2019;May;Yenbo;0.0
2019;May;Dmmam;0.0
2019;May;Turaif;10.8
2019;May;Qassim;1.2
2019;May;Riyadh New;7.8
2019;May;Al-Baha;49.5
2019;June;Khamis Mushait;15.8
2019;June;Madinah;1.4
2019;June;Najran;0.0
2019;June;Al-Baha;1.5
2019;July;Arar;0.0
2019;July;Khamis Mushait;4.1
2019;July;Taif;0.0
2019;July;Wadi Aldawasir;0.0
2019;July;Rafha;0.0
2019;July;Qassim;0.0
2019;August;Al-Ahsa;0.0
2019;August;Dmmam;0.0
2019;August;Sharorah;0.0
2019;September;Makkah;12.0
2019;September;Turaif;0.0
2019;September;Qassim;0.0
2019;September;Tabuk;0.0
2019;October;Wejh;0.0
2019;October;Abha;1.0
2019;October;Rafha;16.1
2019;October;Sharorah;0.0
2019;October;Qassim;1.3
2019;October;Tabuk;2.7
2019;October;Qaisumah;19.7
2019;November;Arar;12.4
2019;November;Khamis Mushait;14.2
2019;November;Al-Ahsa;12.9
2019;November;Wadi Aldawasir;5.9
2019;November;Tabuk;11.9
2019;December;Madinah;0.0
2019;December;Bisha;0.0
2019;December;Rafha;3.1
2019;December;Riyadh New;5.0
2019;December;Qaisumah;2.4
2009;January;Arar;0.0
2009;January;Dmmam;1.0
2009;January;Makkah;2.5
2009;January;Jizan;39.9
2009;January;Al-Jouf;2.0
2009;February;Arar;1.6
2009;February;Hafr Elbatten;1.0
2009;February;Guriat;1.0
2009;February;Dmmam;1.0
2009;February;Sulayel;0.0
2009;February;Jizan;1.0
2009;February;Al-Jouf;8.4
2009;February;Qassim;2.1
2009;February;Qaisumah;1.0
2009;February;Riyadh Old;1.0
2009;March;Dmmam;13.2
2009;March;Turaif;0.0
2009;March;Riyadh New;14.1
2009;March;Riyadh Old;7.0
2009;April;Abha;20.8
2009;April;Guriat;1.0
2009;April;Madinah;0.0
2009;April;Riyadh New;23.4
2009;May;Al-Ahsa;0.0
2009;May;Najran;0.0
2009;May;Jeddah KAIA;1.0
2009;June;Hail;0.0
2009;June;Wejh;0.0
2009;June;Turaif;0.0
2009;June;Jeddah KAIA;1.0
2009;June;Qaisumah;3.6
2009;July;Arar;0.0
2009;July;Khamis Mushait;1.9
2009;July;Guriat;0.0
2009;July;Jeddah KAIA;0.0
2009;August;Arar;0.0
2009;August;Guriat;0.0
2009;August;Dmmam;0.0
2009;August;Sulayel;40.0
2009;August;Jizan;44.3
2009;August;Sharorah;0.0
2009;August;Jeddah KAIA;1.0
2009;August;Qassim;0.0
2009;August;Tabuk;0.0
2009;September;Khamis Mushait;1.0
2009;September;Turaif;0.0
2009;September;Dhahran;0.0
2009;September;Jeddah KAIA;0.0
2009;October;Arar;0.0
2009;October;Hail;8.9
2009;October;Makkah;51.0
2009;October;Bisha;0.0
2009;October;Najran;0.0
2009;November;Khamis Mushait;2.0
2009;November;Abha;10.0
2009;November;Makkah;8.2
2009;November;Bisha;0.0
2009;November;Turaif;11.0
2009;November;Jizan;0.0
2009;November;Al-Jouf;3.8
2009;November;Qassim;44.4
2009;November;Tabuk;4.0
2009;November;Qaisumah;66.6
2009;December;Khamis Mushait;3.9
2009;December;Dhahran;61.0
2009;December;Qaisumah;15.2
2009;December;Al-Baha;3.0
2010;January;Hail;5.4
2010;January;Wejh;48.0
2010;January;Dmmam;1.0
2010;January;Rafha;1.0
2010;February;Arar;7.1
2010;February;Hail;1.0
2010;February;Wejh;0.0
2010;February;Hafr Elbatten;5.0
2010;February;Sulayel;0.0
2010;February;Jeddah KAIA;25.0
2010;February;Qaisumah;4.0
2010;February;Riyadh Old;0.0
2010;March;Wejh;0.0
2010;March;Hafr Elbatten;0.0
2010;March;Al-Ahsa;1.0
2010;March;Dmmam;1.2
2010;March;Makkah;0.0
2010;March;Jizan;0.0
2010;March;Jeddah KAIA;1.0
2010;March;Al-Baha;1.0
2010;April;Hail;3.4
2010;April;Wejh;1.0
2010;April;Yenbo;1.0
2010;April;Makkah;1.8
2010;April;Taif;41.0
2010;April;Najran;31.0
2010;April;Sharorah;12.0
2010;April;Qassim;27.9
2010;May;Arar;1.7
2010;May;Hail;3.6
2010;May;Dmmam;32.6
2010;May;Makkah;17.2
2010;May;Najran;1.0
2010;May;Sharorah;3.0
2010;May;Qassim;16.4
2010;May;Tabuk;5.0
2010;May;Riyadh Old;16.2
2010;June;Wejh;0.0
2010;June;Hafr Elbatten;0.0
2010;June;Guriat;0.0
2010;June;Dmmam;0.0
2010;June;Turaif;0.0
2010;June;Dhahran;0.0
2010;June;Sharorah;0.0
2010;June;Qassim;0.0
2010;June;Riyadh Old;0.0
2010;July;Hail;0.0
2010;July;Bisha;3.6
2010;July;Turaif;0.0
2010;July;Riyadh Old;0.0
2010;August;Arar;0.0
2010;August;Yenbo;0.0
2010;August;Makkah;1.0
2010;August;Turaif;0.0
2010;August;Taif;1.0
2010;August;Tabuk;0.0
2010;August;Qaisumah;0.0
2010;September;Arar;0.0
2010;September;Yenbo;0.0
2010;September;Madinah;0.0
2010;September;Makkah;20.0
2010;October;Al-Ahsa;0.0
2010;October;Guriat;0.0
2010;October;Taif;1.0
2010;October;Sharorah;1.0
2010;October;Qassim;0.0
2010;November;Khamis Mushait;1.2
2010;November;Dmmam;0.0
2010;November;Makkah;27.2
2010;November;Al-Jouf;1.0
2010;December;Hail;1.8
2010;December;Abha;1.0
2010;December;Najran;0.0
2010;December;Tabuk;4.3
2010;December;Riyadh Old;1.0
2011;January;Hail;2.7
2011;January;Khamis Mushait;7.7
2011;January;Yenbo;40.5
2011;January;Jeddah KAIA;75.9
2011;February;Makkah;0.0
2011;February;Sulayel;0.0
2011;February;Taif;1.0
2011;February;Dhahran;6.5
2011;February;Rafha;1.0
2011;February;Riyadh Old;1.0
2011;February;Al-Baha;0.0
2011;March;Dmmam;1.0
2011;March;Dhahran;1.0
2011;March;Al-Jouf;0.0
2011;March;Sharorah;0.0
2011;March;Al-Baha;0.0
2011;April;Hail;20.5
2011;April;Guriat;3.6
2011;April;Jeddah KAIA;0.0
2011;April;Qassim;46.4
2011;April;Riyadh New;19.5
2011;May;Wejh;0.0
2011;May;Madinah;1.0
2011;May;Sulayel;1.0
2011;May;Najran;22.6
2011;June;Khamis Mushait;10.5
2011;June;Al-Ahsa;0.0
2011;June;Guriat;0.0
2011;June;Al-Jouf;1.0
2011;July;Khamis Mushait;13.8
2011;July;Makkah;0.0
2011;July;Turaif;0.0
2011;July;Sulayel;0.0
2011;July;Dhahran;0.0
2011;July;Jizan;8.0
2011;July;Rafha;0.0
2011;July;Al-Jouf;0.0
2011;July;Tabuk;0.0
2011;July;Al-Baha;44.5
2011;August;Al-Ahsa;0.0
2011;August;Yenbo;0.0
2011;August;Guriat;0.0
2011;August;Bisha;2.0
2011;September;Al-Ahsa;0.0
2011;September;Al-Jouf;0.0
2011;September;Qassim;0.0
2011;September;Riyadh New;0.0
2011;October;Yenbo;0.0
2011;October;Dmmam;0.0
2011;October;Makkah;1.0
2011;October;Sulayel;0.0
2011;October;Jizan;0.0
2011;November;Al-Ahsa;35.1
2011;November;Al-Jouf;22.0
2011;November;Sharorah;0.0
2011;November;Jeddah KAIA;4.6
2011;November;Qaisumah;10.1
2011;November;Riyadh Old;0.0
2011;December;Abha;0.0
2011;December;Madinah;0.0
2011;December;Makkah;0.0
2011;December;Turaif;9.0
2011;December;Taif;0.0
2011;December;Dhahran;0.0
2011;December;Jeddah KAIA;0.0
2012;January;Arar;1.4
2012;January;Wejh;0.0
2012;January;Abha;0.0
2012;January;Madinah;0.0
2012;January;Makkah;0.0
2012;January;Dhahran;1.0
2012;January;Qassim;0.0
2012;February;Arar;4.7
2012;February;Wejh;1.0
2012;February;Hafr Elbatten;3.0
2012;February;Al-Ahsa;1.5
2012;February;Guriat;2.6
2012;February;Madinah;0.0
2012;February;Jizan;0.0
2012;February;Riyadh New;1.0
2012;February;Al-Baha;0.0
2012;March;Abha;1.0
2012;March;Najran;0.0
2012;March;Riyadh New;2.0
2012;April;Wejh;4.4
2012;April;Sulayel;38.6
2012;April;Rafha;0.0
2012;April;Qaisumah;28.3
2012;April;Al-Baha;25.3
2012;May;Arar;0.0
2012;May;Hail;1.0
2012;May;Hafr Elbatten;0.0
2012;May;Guriat;0.0
2012;May;Dmmam;1.0
2012;May;Makkah;0.0
2012;May;Taif;0.0
2012;May;Rafha;1.2
2012;May;Jeddah KAIA;0.0
2012;May;Tabuk;0.0
2012;May;Qaisumah;0.0
2012;June;Guriat;0.0
2012;June;Dmmam;0.0
2012;June;Sulayel;0.0
2012;June;Dhahran;0.0
2012;June;Al-Jouf;0.0
2012;July;Dhahran;0.0
2012;July;Najran;1.0
2012;July;Sharorah;0.0
2012;July;Qassim;0.0
2012;August;Hail;0.0
2012;August;Dmmam;0.0
2012;August;Bisha;1.0
2012;August;Turaif;0.0
2012;August;Al-Jouf;0.0
2012;August;Qassim;0.0
2012;August;Al-Baha;13.8
2012;September;Wejh;0.0
2012;September;Al-Ahsa;0.0
2012;September;Yenbo;0.0
2012;September;Guriat;0.0
2012;September;Dmmam;0.0
2012;September;Madinah;0.0
2012;September;Najran;0.0
2012;October;Hail;1.0
2012;October;Hafr Elbatten;0.0
2012;October;Al-Ahsa;0.0
2012;October;Yenbo;25.0
2012;October;Sharorah;0.0
2012;October;Qaisumah;0.0
2012;October;Al-Baha;7.0
2012;November;Khamis Mushait;1.8
2012;November;Madinah;56.4
2012;November;Qaisumah;20.0
2012;November;Al-Baha;2.5
2012;December;Hail;1.0
2012;December;Hafr Elbatten;17.0
2012;December;Madinah;0.0
2012;December;Dhahran;26.6
2012;December;Rafha;4.4
2012;December;Qassim;23.0
2013;January;Makkah;3.8
2013;January;Turaif;19.3
2013;January;Taif;0.0
2013;January;Al-Jouf;26.4
2013;February;Wejh;4.1
2013;February;Yenbo;0.0
2013;February;Guriat;7.8
2013;February;Al-Baha;0.0
2013;March;Al-Ahsa;15.2
2013;March;Jizan;0.0
2013;March;Jeddah KAIA;0.0
2013;March;Riyadh New;7.2
2013;March;Tabuk;0.0
2013;April;Hafr Elbatten;0.0
2013;May;Arar;2.4
2013;May;Khamis Mushait;58.9
2013;May;Abha;111.5
2013;May;Dmmam;2.0
2013;June;Arar;0.0
2013;June;Yenbo;0.0
2013;June;Makkah;0.0
2013;June;Turaif;0.0
2013;June;Najran;0.0
2013;June;Qassim;0.0
2013;July;Arar;0.0
2013;July;Dhahran;0.0
2013;July;Al-Jouf;0.0
2013;July;Riyadh New;0.0
2013;July;Qaisumah;0.0
2013;August;Wejh;0.0
2013;August;Abha;3.4
2013;August;Dmmam;0.0
2013;August;Najran;14.4
2013;August;Rafha;0.0
2013;August;Jeddah KAIA;0.0
2013;August;Tabuk;0.0
2013;August;Qaisumah;0.0
2013;August;Al-Baha;20.6
2013;September;Arar;0.0
2013;September;Wejh;0.0
2013;September;Taif;6.0
2013;September;Jizan;1.0
2013;September;Tabuk;0.0
2013;October;Abha;0.0
2013;October;Dmmam;0.0
2013;October;Madinah;3.9
2013;October;Sulayel;0.0
2013;October;Sharorah;0.0
2013;November;Al-Ahsa;83.0
2013;November;Yenbo;13.9
2013;November;Taif;0.0
2013;November;Najran;0.0
2013;November;Rafha;46.3
2013;November;Sharorah;0.0
2013;November;Qaisumah;62.9
2013;December;Yenbo;52.0
2013;December;Abha;0.0
2013;December;Madinah;16.1
2013;December;Sulayel;0.0
2013;December;Jeddah KAIA;0.0
2014;January;Hail;12.0
2014;January;Al-Ahsa;18.8
2014;January;Dmmam;35.2
2014;January;Sulayel;0.0
2014;January;Dhahran;36.4
2014;January;Al-Baha;10.0
2014;February;Yenbo;0.0
2014;February;Abha;3.7
2014;February;Guriat;8.0
2014;February;Sharorah;0.0
2014;March;Khamis Mushait;8.4
2014;March;Dmmam;9.3
2014;March;Jizan;0.0
2014;March;Qassim;7.8
2014;March;Riyadh New;3.9
2014;April;Dmmam;4.1
2014;April;Taif;44.5
2014;May;Abha;22.0
2014;May;Makkah;50.0
2014;May;Sulayel;0.0
2014;May;Rafha;6.3
2014;June;Al-Ahsa;0.0
2014;July;Arar;0.0
2014;July;Makkah;0.0
2014;July;Bisha;0.0
2014;July;Jizan;0.0
2014;July;Sharorah;0.0
2014;July;Tabuk;0.0
2014;August;Arar;0.0
2014;August;Hail;0.0
2014;August;Madinah;0.0
2014;August;Sulayel;0.0
2014;August;Taif;3.0
2014;August;Jizan;6.0
2014;August;Jeddah KAIA;0.0
2014;August;Qaisumah;0.0
2014;September;Abha;11.0
2014;September;Taif;5.5
2014;September;Sharorah;1.0
2014;October;Dmmam;0.0
2014;October;Madinah;0.0
2014;October;Taif;2.0
2014;October;Jizan;61.2
2014;October;Jeddah KAIA;0.0
2014;November;Yenbo;0.0
2014;November;Dmmam;0.0
2014;November;Al-Baha;3.9
2014;December;Yenbo;20.5
2014;December;Madinah;0.0
2014;December;Rafha;5.6
2014;December;Qassim;5.2
2014;December;Tabuk;10.0
2015;January;Arar;7.2
2015;January;Madinah;0.0
2015;January;Bisha;0.0
2015;January;Sharorah;0.0
2015;January;Jeddah KAIA;0.0
2015;January;Tabuk;0.0
2015;February;Madinah;0.0
2015;March;Al-Ahsa;24.9
2015;March;Turaif;9.6
2015;March;Najran;46.0
2015;March;Rafha;1.6
2015;March;Al-Jouf;0.0
2015;March;Al-Baha;4.8
2015;April;Khamis Mushait;0.0
2015;April;Abha;0.001
2015;April;Madinah;0.001
2015;April;Turaif;0.001
2015;April;Taif;0.001
2015;April;Rafha;0.001
2015;April;Al-Baha;0.001
2015;May;Wejh;0.0
2015;May;Taif;44.7
2015;May;Wadi Aldawasir;7.0
2015;May;Al-Jouf;0.0
2015;May;Tabuk;0.0
2015;June;Arar;0.0
2015;June;Al-Ahsa;0.0
2015;June;Guriat;0.0
2015;June;Jizan;0.0
2015;June;Riyadh New;0.0
2015;June;Al-Baha;0.0
2015;July;Arar;0.0
2015;July;Hail;0.0
2015;July;Dmmam;0.0
2015;July;Madinah;0.0
2015;July;Wadi Aldawasir;0.0
2015;July;Najran;0.0
2015;August;Khamis Mushait;1.0
2015;August;Turaif;0.0
2015;September;Al-Ahsa;0.0
2015;September;Taif;42.5
2015;October;Abha;3.0
2015;October;Bisha;0.0
2015;October;Riyadh New;0.0
2015;November;Khamis Mushait;3.0
2015;November;Guriat;7.8
2015;November;Taif;8.1
2015;November;Wadi Aldawasir;0.001
2015;November;Rafha;64.2
2015;November;Tabuk;42.0
2015;December;Yenbo;0.001
2015;December;Jizan;57.0
2016;January;Madinah;0.0
2016;January;Najran;5.1
2016;January;Al-Jouf;3.0
2016;January;Jeddah KAIA;0.0
2016;January;Riyadh New;2.0
2016;January;Al-Baha;0.0
2016;February;Hail;0.001
2016;February;Khamis Mushait;0.0
2016;February;Wejh;0.0
2016;February;Jizan;7.5
2016;February;Tabuk;0.0
2016;February;Qaisumah;50.6
2016;March;Hail;0.001
2016;March;Khamis Mushait;0.001
2016;March;Dmmam;9.8
2016;March;Sharorah;0.0
2016;April;Guriat;9.3
2016;April;Makkah;45.7
2016;April;Jizan;47.5
2016;April;Rafha;4.4
2016;April;Riyadh New;23.9
2016;April;Al-Baha;125.8
2016;May;Madinah;0.0
2016;May;Makkah;3.4
2016;May;Wadi Aldawasir;0.0
2016;May;Rafha;0.001
2016;May;Tabuk;0.0
2016;May;Al-Baha;17.5
2016;June;Yenbo;0.0
2016;June;Al-Jouf;0.0
2016;June;Qaisumah;0.0
2016;July;Guriat;0.0
2016;July;Dmmam;0.0
2016;July;Bisha;8.0
2016;July;Wadi Aldawasir;0.0
2016;July;Sharorah;11.0
2016;July;Riyadh New;0.0
2016;July;Al-Baha;8.1
2016;August;Hail;0.0
2016;August;Al-Ahsa;0.0
2016;August;Guriat;0.0
2016;August;Qassim;0.0
2016;August;Tabuk;0.0
2016;August;Al-Baha;18.0
2016;September;Al-Ahsa;0.0
2016;September;Makkah;0.001
2016;September;Jizan;0.001
2016;September;Qassim;0.0
2016;September;Qaisumah;0.0
2016;October;Wadi Aldawasir;0.0
2016;October;Qassim;0.0
2016;November;Hail;0.001
2016;November;Wejh;0.0
2016;November;Dmmam;27.5
2016;November;Bisha;27.9
2016;November;Najran;1.5
2016;November;Rafha;1.0
2016;November;Al-Baha;16.6
2016;December;Hail;1.7
2016;December;Abha;0.0
2016;December;Jizan;0.0
2016;December;Najran;0.0
2016;December;Riyadh New;0.0
2017;January;Al-Ahsa;0.0
2017;January;Abha;4.4
2017;January;Bisha;23.8
2017;January;Rafha;0.0
2017;February;Hail;0.0
2017;February;Wejh;0.0
2017;February;Abha;0.001
2017;February;Guriat;0.0
2017;February;Taif;12.4
2017;February;Jeddah KAIA;0.001
2017;February;Qaisumah;0.0
2017;March;Taif;0.0
2017;March;Wadi Aldawasir;0.0
2017;March;Rafha;0.0
2017;March;Al-Jouf;4.8
2017;March;Jeddah KAIA;1.5
2017;March;Qassim;0.0
2017;March;Al-Baha;0.001
2017;April;Arar;1.0
2017;April;Hail;0.0
2017;April;Khamis Mushait;23.6
2017;April;Wejh;0.0
2017;April;Dmmam;0.001
2017;April;Makkah;0.001
2017;April;Rafha;0.0
2017;May;Khamis Mushait;1.0
2017;May;Yenbo;0.0
2017;May;Madinah;0.0
2017;May;Wadi Aldawasir;0.0
2017;May;Rafha;0.0
2017;May;Jeddah KAIA;0.001
2017;May;Qaisumah;0.0
2017;June;Khamis Mushait;0.0
2017;June;Taif;0.0
2017;June;Sharorah;0.0
2017;June;Qaisumah;0.0
2017;July;Khamis Mushait;12.0
2017;July;Abha;0.0
2017;July;Madinah;0.001
2017;July;Wadi Aldawasir;0.001
2017;July;Jeddah KAIA;0.0
2017;August;Yenbo;0.0
2017;August;Jeddah KAIA;0.0
2017;August;Riyadh New;0.0
2017;September;Al-Ahsa;0.0
2017;September;Yenbo;0.0
2017;September;Taif;1.1
2017;September;Wadi Aldawasir;0.0
2017;September;Najran;0.0
2017;September;Al-Jouf;0.001
2017;September;Jeddah KAIA;0.0
2017;September;Riyadh New;0.0
2017;October;Al-Ahsa;0.001
2017;October;Guriat;0.0
2017;October;Dmmam;15.0
2017;October;Makkah;4.4
2017;October;Al-Jouf;0.0
2017;October;Qaisumah;0.0
2017;November;Hail;0.0
2017;November;Guriat;0.0
2017;November;Bisha;0.001
2017;November;Taif;0.0
2017;November;Wadi Aldawasir;0.0
2017;November;Jeddah KAIA;0.0
2017;November;Riyadh New;0.0
2017;November;Qaisumah;0.0
2017;November;Al-Baha;0.0
2017;December;Guriat;0.0
2017;December;Makkah;4.2
2017;December;Wadi Aldawasir;0.0
2017;December;Jizan;0.001
2017;December;Riyadh New;0.001
2017;December;Qaisumah;0.0
2018;January;Arar;3.1
2018;January;Al-Ahsa;0.0
2018;January;Guriat;4.7
2018;January;Bisha;0.0
2018;January;Jizan;0.001
2018;January;Jeddah KAIA;0.0
2018;February;Hail;4.0
2018;February;Abha;0.0
2018;February;Jizan;30.0
2018;February;Qassim;21.7
2018;March;Arar;0.0
2018;March;Guriat;0.001
2018;March;Najran;0.0
2018;March;Qassim;10.8
2018;March;Qaisumah;0.001
2018;March;Al-Baha;6.7
2018;April;Hail;28.9
2018;April;Dmmam;4.2
2018;April;Madinah;0.0
2018;April;Taif;62.9
2018;April;Qassim;81.5
2018;May;Arar;4.2
2018;May;Al-Ahsa;1.2
2018;May;Yenbo;0.0
2018;June;Al-Ahsa;0.0
2018;June;Guriat;0.0
2018;June;Taif;5.0
2018;June;Rafha;0.0
2018;June;Jeddah KAIA;0.0
2018;June;Qaisumah;0.0
2018;June;Al-Baha;0.001
2018;July;Khamis Mushait;19.0
2018;July;Al-Ahsa;0.0
2018;July;Guriat;0.0
2018;July;Taif;1.0
2018;July;Sharorah;0.0
2018;August;Arar;0.0
2018;August;Al-Ahsa;0.0
2018;August;Dmmam;0.0
2018;August;Makkah;10.0
2018;August;Taif;2.0
2018;August;Al-Jouf;0.0
2018;August;Qassim;0.0
2018;August;Al-Baha;1.0
2018;September;Arar;0.0
2018;September;Qassim;0.0
2018;October;Hail;2.6
2018;October;Turaif;2.7
2018;October;Jizan;25.5
2018;November;Al-Ahsa;20.0
2018;November;Makkah;74.5
2018;November;Wadi Aldawasir;0.0
2018;November;Al-Jouf;130.4
2018;November;Qassim;150.3
2018;November;Riyadh New;35.5
2018;November;Al-Baha;33.3
2018;December;Tabuk;0.0
2018;December;Qaisumah;2.6
2018;December;Al-Baha;1.5
2019;January;Wejh;23.2
2019;January;Makkah;0.0
2019;January;Turaif;26.5
2019;January;Wadi Aldawasir;0.0
2019;January;Qassim;4.4
2019;February;Arar;8.2
2019;February;Guriat;9.7
2019;February;Dmmam;19.8
2019;February;Sharorah;0.0
2019;February;Tabuk;4.0
2019;March;Khamis Mushait;0.0
2019;March;Jizan;0.0
2019;March;Rafha;3.1
2019;March;Al-Jouf;9.6
2019;April;Hail;24.6
2019;April;Qaisumah;1.9
2019;May;Arar;0.0
2019;May;Wejh;0.0
2019;May;Madinah;2.4
2019;May;Jeddah KAIA;1.0
2019;June;Hail;0.0
2019;June;Tabuk;2.2
2019;July;Dmmam;0.0
2019;July;Madinah;0.0
2019;July;Bisha;0.0
2019;July;Qaisumah;0.0
2019;August;Wejh;0.0
2019;August;Yenbo;0.0
2019;August;Turaif;0.0
2019;August;Wadi Aldawasir;0.0
2019;August;Jizan;71.8
2019;August;Rafha;0.0
2019;August;Qassim;0.0
2019;August;Qaisumah;0.0
2019;August;Al-Baha;39.7
2019;September;Al-Ahsa;0.0
2019;September;Qaisumah;0.0
2019;October;Khamis Mushait;0.0
2019;October;Guriat;10.0
2019;October;Dmmam;0.0
2019;October;Bisha;0.0
2019;October;Wadi Aldawasir;0.0
2019;October;Jeddah KAIA;2.8
2019;October;Al-Baha;0.0
2019;November;Wejh;0.0
2019;November;Madinah;17.0
2019;November;Bisha;13.2
2019;November;Jeddah KAIA;0.0
2019;November;Qassim;27.8
2019;November;Al-Baha;11.2
2019;December;Al-Ahsa;29.4
2019;December;Dmmam;49.6
2019;December;Makkah;3.3
2019;December;Taif;2.5
2019;December;Qassim;3.9
2019;December;Tabuk;0.0
2009;January;Bisha;19.8
2009;January;Sulayel;3.0
2009;January;Qassim;1.0
2009;January;Al-Baha;2.3
2009;February;Abha;0.0
2009;February;Makkah;1.0
2009;February;Najran;0.0
2009;February;Sharorah;0.0
2009;February;Jeddah KAIA;4.0
2009;March;Wejh;1.0
2009;March;Taif;0.0
2009;March;Dhahran;14.6
2009;March;Tabuk;1.0
2009;April;Wejh;0.0
2009;April;Yenbo;0.0
2009;April;Sharorah;19.0
2009;April;Jeddah KAIA;0.0
2009;April;Tabuk;0.0
2009;May;Wejh;7.0
2009;May;Bisha;1.0
2009;May;Sulayel;0.0
2009;May;Rafha;1.2
2009;May;Al-Jouf;0.0
2009;May;Tabuk;23.4
2009;June;Arar;0.0
2009;June;Yenbo;0.0
2009;June;Dmmam;0.0
2009;June;Sulayel;0.0
2009;June;Taif;17.7
2009;June;Dhahran;0.0
2009;June;Sharorah;0.0
2009;June;Qassim;1.0
2009;July;Hail;0.0
2009;July;Hafr Elbatten;0.0
2009;July;Yenbo;0.0
2009;July;Turaif;0.0
2009;July;Sulayel;0.0
2009;July;Qassim;0.0
2009;August;Hail;1.0
2009;August;Taif;22.7
2009;August;Dhahran;1.0
2009;August;Qaisumah;0.0
2009;September;Hail;0.0
2009;September;Al-Jouf;0.0
2009;October;Hafr Elbatten;2.5
2009;October;Yenbo;0.0
2009;October;Guriat;1.0
2009;October;Madinah;0.0
2009;October;Dhahran;0.0
2009;October;Al-Jouf;9.3
2009;October;Riyadh New;0.0
2009;November;Hail;16.6
2009;November;Hafr Elbatten;39.6
2009;November;Yenbo;0.0
2009;November;Sulayel;1.5
2009;November;Najran;1.1
2009;December;Wejh;13.2
2009;December;Al-Ahsa;39.9
2009;December;Yenbo;92.5
2009;December;Bisha;0.0
2009;December;Najran;1.0
2009;December;Al-Jouf;10.3
2009;December;Sharorah;0.0
2009;December;Riyadh New;14.4
2010;January;Hafr Elbatten;10.0
2010;January;Abha;0.0
2010;January;Dhahran;1.9
2010;January;Al-Jouf;1.8
2010;January;Qassim;2.7
2010;February;Dmmam;2.0
2010;February;Jizan;9.0
2010;February;Najran;1.0
2010;February;Sharorah;0.0
2010;February;Riyadh New;0.0
2010;February;Al-Baha;1.0
2010;March;Najran;14.2
2010;March;Al-Jouf;0.0
2010;March;Riyadh New;3.0
2010;March;Tabuk;1.0
2010;April;Jizan;0.0
2010;April;Al-Jouf;6.5
2010;April;Qaisumah;29.6
2010;May;Wejh;0.0
2010;May;Dhahran;2.7
2010;May;Qaisumah;15.0
2010;June;Hail;1.0
2010;June;Yenbo;0.0
2010;June;Madinah;0.0
2010;June;Najran;0.0
2010;June;Rafha;0.0
2010;July;Wejh;0.0
2010;July;Hafr Elbatten;0.0
2010;July;Al-Ahsa;0.0
2010;July;Guriat;0.0
2010;July;Madinah;20.0
2010;July;Sharorah;3.0
2010;July;Riyadh New;0.0
2010;July;Tabuk;0.0
2010;August;Al-Ahsa;2.8
2010;August;Madinah;1.0
2010;August;Sulayel;0.0
2010;August;Dhahran;0.0
2010;August;Riyadh New;1.2
2010;August;Al-Baha;4.8
2010;September;Jeddah KAIA;2.2
2010;September;Riyadh New;0.0
2010;September;Tabuk;0.0
2010;October;Hail;1.0
2010;October;Yenbo;0.0
2010;October;Dhahran;0.0
2010;October;Riyadh Old;0.0
2010;November;Arar;0.0
2010;November;Yenbo;0.0
2010;November;Guriat;0.0
2010;November;Dhahran;0.0
2010;November;Rafha;7.4
2010;December;Guriat;11.7
2010;December;Makkah;42.4
2010;December;Turaif;10.0
2010;December;Taif;1.0
2010;December;Dhahran;1.0
2010;December;Jizan;1.0
2010;December;Jeddah KAIA;65.6
2010;December;Riyadh New;1.0
2011;January;Hafr Elbatten;0.0
2011;January;Al-Ahsa;27.2
2011;January;Madinah;4.8
2011;January;Turaif;21.2
2011;January;Taif;17.4
2011;January;Dhahran;65.9
2011;January;Al-Jouf;1.5
2011;January;Sharorah;0.0
2011;January;Tabuk;3.8
2011;January;Qaisumah;1.4
2011;January;Al-Baha;1.0
2011;February;Arar;18.5
2011;February;Al-Ahsa;1.0
2011;February;Dmmam;9.0
2011;February;Bisha;0.0
2011;February;Sharorah;0.0
2011;February;Riyadh New;1.0
2011;March;Hail;1.0
2011;March;Hafr Elbatten;2.0
2011;March;Guriat;0.0
2011;March;Sulayel;1.0
2011;March;Taif;49.9
2011;March;Jizan;0.0
2011;March;Jeddah KAIA;1.0
2011;March;Qassim;1.0
2011;April;Arar;8.7
2011;April;Wejh;0.0
2011;April;Hafr Elbatten;25.5
2011;April;Al-Ahsa;41.5
2011;April;Abha;12.7
2011;April;Makkah;0.0
2011;April;Najran;11.1
2011;May;Makkah;0.0
2011;May;Jizan;30.0
2011;May;Rafha;0.0
2011;May;Tabuk;0.0
2011;May;Al-Baha;23.2
2011;June;Arar;0.0
2011;June;Sulayel;0.0
2011;June;Najran;0.0
2011;June;Qaisumah;0.0
2011;July;Arar;0.0
2011;July;Wejh;0.0
2011;July;Sharorah;1.0
2011;July;Jeddah KAIA;0.0
2011;July;Qaisumah;0.0
2011;July;Riyadh Old;0.0
2011;August;Wejh;0.0
2011;August;Tabuk;0.0
2011;August;Riyadh Old;5.0
2011;August;Al-Baha;4.7
2011;September;Hafr Elbatten;0.0
2011;September;Dmmam;0.0
2011;September;Madinah;0.0
2011;September;Turaif;0.0
2011;September;Sulayel;0.0
2011;September;Dhahran;0.0
2011;September;Sharorah;0.0
2011;September;Tabuk;0.0
2011;October;Hail;0.0
2011;October;Jeddah KAIA;0.0
2011;October;Qassim;0.0
2011;October;Qaisumah;0.0
2011;November;Hafr Elbatten;0.0
2011;November;Bisha;0.0
2011;November;Sulayel;1.0
2011;November;Dhahran;36.8
2011;November;Riyadh New;18.9
2011;November;Tabuk;0.0
2011;December;Wejh;0.0
2011;December;Hafr Elbatten;0.0
2011;December;Rafha;0.0
2011;December;Sharorah;0.0
2011;December;Qassim;0.0
2012;January;Hail;0.0
2012;January;Al-Ahsa;1.0
2012;January;Turaif;10.9
2012;January;Rafha;1.0
2012;January;Al-Jouf;1.0
2012;February;Makkah;0.0
2012;February;Sharorah;0.0
2012;February;Qassim;7.7
2012;February;Qaisumah;5.9
2012;March;Hail;4.6
2012;March;Dmmam;7.7
2012;March;Qaisumah;0.0
2012;April;Arar;0.0
2012;April;Hail;6.8
2012;April;Abha;50.9
2012;April;Makkah;40.9
2012;April;Jizan;0.0
2012;May;Khamis Mushait;10.8
2012;May;Wejh;0.0
2012;May;Najran;0.0
2012;May;Al-Jouf;0.0
2012;June;Yenbo;0.0
2012;June;Turaif;0.0
2012;June;Taif;0.0
2012;June;Jizan;7.0
2012;June;Najran;0.0
2012;June;Rafha;0.0
2012;June;Sharorah;0.0
2012;June;Qassim;0.0
2012;June;Qaisumah;0.0
2012;July;Yenbo;0.0
2012;July;Abha;22.7
2012;July;Guriat;0.0
2012;July;Dmmam;0.0
2012;July;Bisha;0.0
2012;July;Turaif;0.0
2012;July;Sulayel;48.0
2012;July;Taif;0.0
2012;July;Al-Jouf;0.0
2012;July;Riyadh New;0.0
2012;July;Tabuk;0.0
2012;August;Al-Ahsa;0.0
2012;August;Qaisumah;0.0
2012;September;Hafr Elbatten;0.0
2012;September;Sulayel;0.0
2012;September;Tabuk;1.0
2012;September;Qaisumah;0.0
2012;October;Khamis Mushait;0.0
2012;October;Dmmam;1.0
2012;October;Turaif;0.0
2012;October;Jeddah KAIA;1.0
2012;November;Rafha;19.3
2012;December;Wejh;3.6
2012;December;Yenbo;0.0
2012;December;Jizan;20.5
2012;December;Al-Baha;2.8
2013;January;Hafr Elbatten;6.5
2013;January;Yenbo;4.6
2013;January;Madinah;7.9
2013;January;Sharorah;0.0
2013;January;Al-Baha;0.0
2013;February;Hail;0.0
2013;February;Khamis Mushait;0.0
2013;February;Al-Ahsa;3.0
2013;February;Turaif;5.7
2013;February;Najran;0.0
2013;March;Wejh;0.0
2013;March;Hafr Elbatten;23.0
2013;March;Yenbo;0.0
2013;March;Dmmam;7.6
2013;March;Dhahran;16.2
2013;March;Al-Baha;10.6
2013;April;Khamis Mushait;1.3
2013;April;Al-Ahsa;12.9
2013;April;Abha;26.3
2013;April;Guriat;0.0
2013;April;Dhahran;13.8
2013;April;Najran;18.0
2013;April;Jeddah KAIA;0.0
2013;April;Al-Baha;11.9
2013;May;Sulayel;49.1
2013;May;Rafha;28.0
2013;May;Riyadh New;5.2
2013;May;Al-Baha;38.6
2013;June;Hail;0.0
2013;June;Khamis Mushait;0.0
2013;June;Wejh;0.0
2013;June;Jizan;0.0
2013;June;Qaisumah;0.0
2013;July;Al-Ahsa;0.0
2013;July;Guriat;0.0
2013;July;Dmmam;0.0
2013;July;Madinah;0.0
2013;July;Turaif;0.0
2013;July;Qassim;0.0
2013;July;Tabuk;0.0
2013;August;Hail;0.0
2013;August;Guriat;0.0
2013;August;Turaif;0.0
2013;August;Taif;15.1
2013;August;Al-Jouf;0.0
2013;August;Riyadh New;0.0
2013;September;Khamis Mushait;4.2
2013;September;Abha;0.0
2013;September;Al-Jouf;0.0
2013;September;Al-Baha;0.0
2013;October;Jizan;10.0
2013;October;Riyadh New;0.0
2013;October;Tabuk;0.0
2013;November;Al-Jouf;41.1
2013;November;Jeddah KAIA;0.0
2013;November;Riyadh New;32.8
2013;November;Tabuk;0.0
2013;December;Najran;0.0
2013;December;Sharorah;0.0
2013;December;Qaisumah;1.5
2014;January;Bisha;0.0
2014;January;Rafha;43.7
2014;January;Jeddah KAIA;15.0
2014;February;Madinah;0.0
2014;February;Taif;6.0
2014;February;Rafha;4.4
2014;February;Jeddah KAIA;0.0
2014;February;Qassim;0.0
2014;February;Al-Baha;1.0
2014;March;Arar;12.5
2014;March;Abha;31.5
2014;March;Tabuk;23.5
2014;March;Qaisumah;15.3
2014;April;Khamis Mushait;3.1
2014;April;Abha;10.5
2014;April;Makkah;0.0
2014;April;Jizan;0.0
2014;April;Najran;0.0
2014;April;Qassim;2.0
2014;April;Riyadh New;10.2
2014;April;Qaisumah;7.5
2014;May;Tabuk;4.0
2014;June;Yenbo;0.0
2014;June;Abha;3.0
2014;June;Guriat;0.0
2014;June;Bisha;0.0
2014;June;Turaif;0.0
2014;June;Qaisumah;0.0
2014;June;Al-Baha;0.0
2014;July;Hail;0.0
2014;July;Wejh;0.0
2014;July;Yenbo;0.0
2014;July;Madinah;0.0
2014;July;Turaif;0.0
2014;July;Al-Jouf;0.0
2014;August;Khamis Mushait;14.7
2014;August;Al-Ahsa;0.0
2014;August;Yenbo;0.0
2014;August;Guriat;0.0
2014;August;Dmmam;0.0
2014;August;Makkah;0.0
2014;September;Guriat;0.0
2014;September;Jizan;6.0
2014;September;Riyadh New;0.0
2014;September;Tabuk;0.0
2014;October;Arar;10.9
2014;October;Al-Ahsa;0.0
2014;October;Yenbo;0.0
2014;October;Makkah;2.0
2014;October;Riyadh New;0.0
2014;November;Taif;29.6
2014;November;Sharorah;0.0
2014;December;Wejh;57.0
2014;December;Al-Ahsa;1.4
2014;December;Dmmam;0.0
2014;December;Taif;4.7
2014;December;Riyadh New;1.8
2015;January;Wejh;12.0
2015;January;Yenbo;0.0
2015;January;Guriat;14.9
2015;January;Makkah;2.4
2015;January;Turaif;22.1
2015;January;Wadi Aldawasir;0.0
2015;January;Al-Jouf;3.3
2015;February;Abha;0.0
2015;February;Guriat;3.0
2015;February;Turaif;14.9
2015;February;Jizan;0.001
2015;February;Riyadh New;0.0
2015;February;Qaisumah;0.001
2015;March;Khamis Mushait;1.2
2015;March;Makkah;3.3
2015;March;Taif;25.0
2015;March;Wadi Aldawasir;4.1
2015;March;Sharorah;17.2
2015;April;Wejh;0.0
2015;April;Dmmam;0.0
2015;April;Bisha;2.0
2015;April;Wadi Aldawasir;0.0
2015;April;Jizan;0.0
2015;April;Najran;0.0
2015;April;Riyadh New;0.001
2015;May;Hail;0.001
2015;May;Abha;31.0
2015;May;Dmmam;2.8
2015;May;Turaif;0.0
2015;May;Al-Baha;19.9
2015;June;Makkah;0.001
2015;June;Taif;6.5
2015;June;Rafha;0.0
2015;June;Al-Jouf;0.001
2015;June;Tabuk;0.0
2015;June;Qaisumah;0.0
2015;July;Khamis Mushait;2.1
2015;July;Yenbo;0.0
2015;July;Rafha;0.0
2015;July;Sharorah;0.0
2015;July;Tabuk;0.0
2015;August;Guriat;1.3
2015;August;Dmmam;0.0
2015;August;Taif;28.9
2015;August;Najran;0.0
2015;August;Al-Jouf;0.0
2015;August;Tabuk;3.0
2015;September;Hail;0.001
2015;September;Khamis Mushait;0.001
2015;September;Dmmam;0.0
2015;September;Turaif;1.0
2015;September;Wadi Aldawasir;0.0
2015;September;Jizan;25.5
2015;September;Qassim;0.0
2015;October;Wejh;7.4
2015;October;Taif;30.4
2015;October;Sharorah;0.0
2015;October;Jeddah KAIA;0.0
2015;November;Al-Ahsa;37.3
2015;November;Yenbo;9.0
2015;November;Abha;1.4
2015;November;Dmmam;17.6
2015;November;Qassim;46.4
2015;November;Qaisumah;88.4
2015;December;Arar;28.2
2015;December;Hail;8.2
2015;December;Khamis Mushait;0.001
2015;December;Makkah;4.9
2015;December;Al-Baha;2.4
2016;January;Arar;16.4
2016;January;Hail;1.4
2016;January;Khamis Mushait;0.001
2016;January;Wejh;18.5
2016;January;Dmmam;0.001
2016;January;Jizan;2.0
2016;January;Sharorah;0.0
2016;February;Yenbo;0.0
2016;February;Abha;0.0
2016;February;Turaif;5.3
2016;February;Qassim;0.001
2016;February;Riyadh New;8.8
2016;March;Arar;21.1
2016;March;Rafha;20.5
2016;March;Al-Jouf;7.0
2016;March;Al-Baha;0.001
2016;April;Yenbo;0.0
2016;April;Bisha;155.9
2016;April;Taif;81.1
2016;April;Wadi Aldawasir;47.1
2016;April;Sharorah;26.2
2016;May;Wejh;0.0
2016;May;Taif;20.5
2016;May;Jizan;0.0
2016;May;Najran;0.0
2016;May;Sharorah;0.0
2016;May;Qaisumah;0.0
2016;June;Makkah;0.0
2016;June;Tabuk;0.0
2016;July;Arar;0.0
2016;July;Khamis Mushait;21.5
2016;July;Wejh;0.0
2016;July;Al-Ahsa;0.0
2016;July;Turaif;0.0
2016;July;Najran;8.5
2016;August;Abha;45.9
2016;August;Wadi Aldawasir;0.001
2016;August;Najran;35.5
2016;August;Al-Jouf;0.0
2016;August;Sharorah;0.0
2016;August;Riyadh New;0.0
2016;September;Khamis Mushait;0.0
2016;September;Guriat;0.0
2016;September;Wadi Aldawasir;0.0
2016;September;Najran;0.0
2016;September;Rafha;0.0
2016;September;Sharorah;0.0
2016;September;Jeddah KAIA;0.0
2016;September;Tabuk;0.0
2016;October;Arar;0.0
2016;October;Khamis Mushait;0.0
2016;October;Wejh;0.001
2016;November;Qassim;8.3
2016;December;Dmmam;0.0
2016;December;Qassim;12.5
2016;December;Tabuk;0.0
2016;December;Al-Baha;0.0
2017;January;Arar;14.9
2017;January;Wejh;0.0
2017;January;Turaif;0.0
2017;January;Najran;2.7
2017;January;Sharorah;0.0
2017;January;Tabuk;0.0
2017;February;Arar;20.1
2017;February;Al-Ahsa;0.0
2017;March;Arar;0.0
2017;March;Al-Ahsa;0.0
2017;March;Yenbo;0.0
2017;March;Abha;3.8
2017;March;Makkah;39.7
2017;March;Turaif;0.0
2017;March;Tabuk;24.3
2017;April;Abha;0.0
2017;April;Jizan;10.2
2017;April;Jeddah KAIA;39.2
2017;April;Al-Baha;0.001
2017;May;Arar;29.5
2017;May;Al-Ahsa;4.0
2017;May;Dmmam;2.5
2017;May;Bisha;21.7
2017;May;Taif;0.0
2017;May;Al-Jouf;8.3
2017;June;Wejh;0.0
2017;June;Al-Ahsa;0.0
2017;June;Yenbo;0.0
2017;June;Abha;0.0
2017;June;Guriat;1.0
2017;June;Dmmam;0.001
2017;June;Qassim;0.0
2017;June;Al-Baha;10.4
2017;July;Yenbo;0.0
2017;July;Bisha;0.0
2017;July;Sharorah;0.0
2017;July;Riyadh New;0.0
2017;July;Tabuk;0.0
2017;August;Hail;0.001
2017;August;Guriat;0.0
2017;August;Makkah;0.001
2017;August;Bisha;3.1
2017;August;Najran;0.0
2017;August;Rafha;0.0
2017;August;Al-Baha;0.001
2017;September;Makkah;5.2
2017;October;Hail;0.0
2017;October;Abha;0.0
2017;October;Bisha;2.1
2017;October;Najran;0.0
2017;October;Rafha;0.0
2017;October;Tabuk;2.0
2017;November;Yenbo;0.0
2017;November;Abha;0.0
2017;November;Dmmam;16.0
2017;November;Makkah;0.0
2017;November;Turaif;0.0
2017;November;Rafha;0.0
2017;November;Qassim;0.0
2017;November;Tabuk;3.2
2017;December;Turaif;0.0
2018;January;Hail;0.0
2018;January;Yenbo;0.0
2018;January;Abha;0.001
2018;January;Madinah;0.0
2018;January;Makkah;0.0
2018;January;Turaif;9.4
2018;January;Taif;0.001
2018;January;Qassim;0.0
2018;January;Al-Baha;0.0
2018;February;Khamis Mushait;2.4
2018;February;Wejh;6.1
2018;February;Al-Ahsa;21.2
2018;February;Makkah;0.001
2018;February;Jeddah KAIA;0.001
2018;February;Tabuk;5.2
2018;March;Khamis Mushait;18.0
2018;March;Jizan;0.0
2018;March;Rafha;0.001
2018;March;Jeddah KAIA;3.0
2018;March;Riyadh New;1.0
2018;March;Tabuk;0.0
2018;April;Arar;9.1
2018;April;Khamis Mushait;36.9
2018;April;Al-Ahsa;11.8
2018;April;Makkah;1.0
2018;April;Bisha;21.4
2018;April;Turaif;13.6
2018;April;Sharorah;4.7
2018;April;Al-Baha;33.4
2018;May;Khamis Mushait;40.8
2018;May;Turaif;4.9
2018;May;Taif;24.5
2018;May;Jizan;0.0
2018;May;Al-Jouf;0.001
2018;May;Jeddah KAIA;1.8
2018;June;Dmmam;0.0
2018;June;Turaif;0.0
2018;June;Tabuk;0.0
2018;July;Wejh;0.0
2018;July;Yenbo;0.0
2018;July;Bisha;0.0
2018;July;Najran;5.6
2018;July;Al-Jouf;0.0
2018;August;Bisha;0.0
2018;August;Rafha;0.0
2018;September;Khamis Mushait;0.0
2018;September;Al-Ahsa;0.0
2018;September;Dmmam;0.0
2018;September;Wadi Aldawasir;0.0
2018;October;Wejh;0.0
2018;October;Qassim;2.0
2018;October;Tabuk;3.8
2018;November;Abha;0.001
2018;November;Guriat;27.9
2018;December;Hail;2.5
2018;December;Al-Ahsa;0.001
2018;December;Taif;1.8
2018;December;Sharorah;0.0
2018;December;Jeddah KAIA;2.0
2019;January;Hail;3.5
2019;January;Khamis Mushait;0.0
2019;January;Yenbo;5.1
2019;January;Taif;1.0
2019;January;Al-Jouf;58.0
2019;January;Jeddah KAIA;30.0
2019;February;Bisha;1.1
2019;February;Wadi Aldawasir;0.0
2019;February;Al-Jouf;24.6
2019;March;Al-Ahsa;10.3
2019;March;Bisha;0.0
2019;March;Jeddah KAIA;0.0
2019;March;Qassim;1.7
2019;March;Tabuk;6.8
2019;April;Yenbo;0.0
2019;April;Turaif;5.2
2019;April;Taif;1.0
2019;April;Jizan;0.0
2019;April;Sharorah;12.3
2019;April;Jeddah KAIA;0.0
2019;April;Riyadh New;8.6
2019;May;Hail;3.5
2019;May;Guriat;0.0
2019;May;Makkah;47.1
2019;May;Tabuk;0.0
2019;June;Arar;0.0
2019;June;Wadi Aldawasir;0.0
2019;June;Jeddah KAIA;1.5
2019;June;Qassim;0.0
2019;July;Al-Ahsa;0.0
2019;July;Makkah;0.0
2019;July;Al-Jouf;0.0
2019;July;Jeddah KAIA;0.0
2019;August;Hail;0.0
2019;August;Khamis Mushait;97.2
2019;August;Guriat;0.0
2019;August;Madinah;0.0
2019;August;Bisha;6.4
2019;August;Jeddah KAIA;0.0
2019;September;Arar;0.0
2019;September;Hail;0.0
2019;September;Wejh;0.0
2019;September;Yenbo;0.0
2019;September;Rafha;0.0
2019;September;Al-Baha;0.0
2019;October;Arar;0.0
2019;October;Al-Ahsa;0.0
2019;October;Al-Jouf;1.4
2019;November;Taif;49.3
2019;November;Najran;9.9
2019;November;Sharorah;9.9
2019;November;Riyadh New;16.2
2019;December;Abha;0.0
